Município,Ano,Área plantada (ha)
Abaetetuba,2008,0
Abaetetuba,2009,0
Abaetetuba,2010,0
Abaetetuba,2011,0
Abaetetuba,2012,0
Abaetetuba,2013,0
Abaetetuba,2014,0
Abaetetuba,2015,0
Abaetetuba,2016,0
Abaetetuba,2017,0
Abaetetuba,2018,0
Abaetetuba,2019,0
Abaetetuba,2020,0
Abaetetuba,2021,0
Abaetetuba,2022,0
Abaetetuba,2023,0
Abel Figueiredo,2008,0
Abel Figueiredo,2009,0
Abel Figueiredo,2010,0
Abel Figueiredo,2011,0
Abel Figueiredo,2012,0
Abel Figueiredo,2013,0
Abel Figueiredo,2014,0
Abel Figueiredo,2015,0
Abel Figueiredo,2016,50
Abel Figueiredo,2017,55
Abel Figueiredo,2018,60
Abel Figueiredo,2019,4000
Abel Figueiredo,2020,5500
Abel Figueiredo,2021,5600
Abel Figueiredo,2022,5600
Abel Figueiredo,2023,5600
Acará,2008,0
Acará,2009,0
Acará,2010,0
Acará,2011,0
Acará,2012,0
Acará,2013,0
Acará,2014,0
Acará,2015,0
Acará,2016,0
Acará,2017,0
Acará,2018,0
Acará,2019,0
Acará,2020,0
Acará,2021,0
Acará,2022,0
Acará,2023,0
Afuá,2008,0
Afuá,2009,0
Afuá,2010,0
Afuá,2011,0
Afuá,2012,0
Afuá,2013,0
Afuá,2014,0
Afuá,2015,0
Afuá,2016,0
Afuá,2017,0
Afuá,2018,0
Afuá,2019,0
Afuá,2020,0
Afuá,2021,0
Afuá,2022,0
Afuá,2023,0
Alenquer,2008,0
Alenquer,2009,0
Alenquer,2010,0
Alenquer,2011,0
Alenquer,2012,0
Alenquer,2013,0
Alenquer,2014,0
Alenquer,2015,0
Alenquer,2016,0
Alenquer,2017,0
Alenquer,2018,0
Alenquer,2019,0
Alenquer,2020,0
Alenquer,2021,0
Alenquer,2022,0
Alenquer,2023,0
Almeirim,2008,0
Almeirim,2009,0
Almeirim,2010,0
Almeirim,2011,0
Almeirim,2012,0
Almeirim,2013,0
Almeirim,2014,0
Almeirim,2015,0
Almeirim,2016,0
Almeirim,2017,0
Almeirim,2018,0
Almeirim,2019,0
Almeirim,2020,0
Almeirim,2021,0
Almeirim,2022,0
Almeirim,2023,0
Altamira,2008,60
Altamira,2009,250
Altamira,2010,250
Altamira,2011,250
Altamira,2012,250
Altamira,2013,250
Altamira,2014,800
Altamira,2015,3837
Altamira,2016,1500
Altamira,2017,2000
Altamira,2018,2000
Altamira,2019,15000
Altamira,2020,14000
Altamira,2021,14000
Altamira,2022,14000
Altamira,2023,14000
Anajás,2008,0
Anajás,2009,0
Anajás,2010,0
Anajás,2011,0
Anajás,2012,0
Anajás,2013,0
Anajás,2014,0
Anajás,2015,0
Anajás,2016,0
Anajás,2017,0
Anajás,2018,0
Anajás,2019,0
Anajás,2020,0
Anajás,2021,0
Anajás,2022,0
Anajás,2023,0
Ananindeua,2008,0
Ananindeua,2009,0
Ananindeua,2010,0
Ananindeua,2011,0
Ananindeua,2012,0
Ananindeua,2013,0
Ananindeua,2014,0
Ananindeua,2015,0
Ananindeua,2016,0
Ananindeua,2017,0
Ananindeua,2018,0
Ananindeua,2019,0
Ananindeua,2020,0
Ananindeua,2021,0
Ananindeua,2022,0
Ananindeua,2023,0
Anapu,2008,0
Anapu,2009,0
Anapu,2010,0
Anapu,2011,0
Anapu,2012,0
Anapu,2013,0
Anapu,2014,0
Anapu,2015,0
Anapu,2016,0
Anapu,2017,0
Anapu,2018,0
Anapu,2019,0
Anapu,2020,0
Anapu,2021,0
Anapu,2022,0
Anapu,2023,0
Augusto Corrêa,2008,0
Augusto Corrêa,2009,0
Augusto Corrêa,2010,0
Augusto Corrêa,2011,0
Augusto Corrêa,2012,0
Augusto Corrêa,2013,0
Augusto Corrêa,2014,20
Augusto Corrêa,2015,0
Augusto Corrêa,2016,0
Augusto Corrêa,2017,0
Augusto Corrêa,2018,0
Augusto Corrêa,2019,0
Augusto Corrêa,2020,0
Augusto Corrêa,2021,0
Augusto Corrêa,2022,0
Augusto Corrêa,2023,0
Aurora do Pará,2008,0
Aurora do Pará,2009,0
Aurora do Pará,2010,0
Aurora do Pará,2011,0
Aurora do Pará,2012,0
Aurora do Pará,2013,0
Aurora do Pará,2014,0
Aurora do Pará,2015,0
Aurora do Pará,2016,0
Aurora do Pará,2017,0
Aurora do Pará,2018,0
Aurora do Pará,2019,0
Aurora do Pará,2020,0
Aurora do Pará,2021,0
Aurora do Pará,2022,0
Aurora do Pará,2023,0
Aveiro,2008,0
Aveiro,2009,0
Aveiro,2010,0
Aveiro,2011,0
Aveiro,2012,0
Aveiro,2013,0
Aveiro,2014,0
Aveiro,2015,0
Aveiro,2016,0
Aveiro,2017,0
Aveiro,2018,0
Aveiro,2019,0
Aveiro,2020,0
Aveiro,2021,0
Aveiro,2022,0
Aveiro,2023,0
Bagre,2008,0
Bagre,2009,0
Bagre,2010,0
Bagre,2011,0
Bagre,2012,0
Bagre,2013,0
Bagre,2014,0
Bagre,2015,0
Bagre,2016,0
Bagre,2017,0
Bagre,2018,0
Bagre,2019,0
Bagre,2020,0
Bagre,2021,0
Bagre,2022,0
Bagre,2023,0
Baião,2008,0
Baião,2009,0
Baião,2010,0
Baião,2011,0
Baião,2012,0
Baião,2013,0
Baião,2014,0
Baião,2015,0
Baião,2016,0
Baião,2017,0
Baião,2018,0
Baião,2019,0
Baião,2020,0
Baião,2021,0
Baião,2022,0
Baião,2023,0
Bannach,2008,0
Bannach,2009,0
Bannach,2010,0
Bannach,2011,0
Bannach,2012,0
Bannach,2013,0
Bannach,2014,0
Bannach,2015,0
Bannach,2016,0
Bannach,2017,0
Bannach,2018,0
Bannach,2019,0
Bannach,2020,0
Bannach,2021,0
Bannach,2022,0
Bannach,2023,0
Barcarena,2008,0
Barcarena,2009,0
Barcarena,2010,0
Barcarena,2011,0
Barcarena,2012,0
Barcarena,2013,0
Barcarena,2014,0
Barcarena,2015,0
Barcarena,2016,0
Barcarena,2017,0
Barcarena,2018,0
Barcarena,2019,0
Barcarena,2020,0
Barcarena,2021,0
Barcarena,2022,0
Barcarena,2023,0
Belterra,2008,15000
Belterra,2009,10150
Belterra,2010,11400
Belterra,2011,11800
Belterra,2012,11800
Belterra,2013,10807
Belterra,2014,13672
Belterra,2015,13672
Belterra,2016,13672
Belterra,2017,13672
Belterra,2018,13851
Belterra,2019,13851
Belterra,2020,22000
Belterra,2021,23000
Belterra,2022,30000
Belterra,2023,30000
Belém,2008,0
Belém,2009,0
Belém,2010,0
Belém,2011,0
Belém,2012,0
Belém,2013,0
Belém,2014,0
Belém,2015,0
Belém,2016,0
Belém,2017,0
Belém,2018,0
Belém,2019,0
Belém,2020,0
Belém,2021,0
Belém,2022,0
Belém,2023,0
Benevides,2008,0
Benevides,2009,0
Benevides,2010,0
Benevides,2011,0
Benevides,2012,0
Benevides,2013,0
Benevides,2014,0
Benevides,2015,0
Benevides,2016,0
Benevides,2017,0
Benevides,2018,0
Benevides,2019,0
Benevides,2020,0
Benevides,2021,0
Benevides,2022,0
Benevides,2023,0
Bom Jesus do Tocantins,2008,0
Bom Jesus do Tocantins,2009,0
Bom Jesus do Tocantins,2010,0
Bom Jesus do Tocantins,2011,0
Bom Jesus do Tocantins,2012,0
Bom Jesus do Tocantins,2013,0
Bom Jesus do Tocantins,2014,0
Bom Jesus do Tocantins,2015,0
Bom Jesus do Tocantins,2016,0
Bom Jesus do Tocantins,2017,0
Bom Jesus do Tocantins,2018,0
Bom Jesus do Tocantins,2019,0
Bom Jesus do Tocantins,2020,0
Bom Jesus do Tocantins,2021,0
Bom Jesus do Tocantins,2022,0
Bom Jesus do Tocantins,2023,0
Bonito,2008,0
Bonito,2009,0
Bonito,2010,0
Bonito,2011,0
Bonito,2012,0
Bonito,2013,0
Bonito,2014,0
Bonito,2015,0
Bonito,2016,0
Bonito,2017,0
Bonito,2018,0
Bonito,2019,0
Bonito,2020,0
Bonito,2021,0
Bonito,2022,0
Bonito,2023,0
Bragança,2008,0
Bragança,2009,0
Bragança,2010,0
Bragança,2011,0
Bragança,2012,0
Bragança,2013,0
Bragança,2014,0
Bragança,2015,0
Bragança,2016,0
Bragança,2017,0
Bragança,2018,0
Bragança,2019,0
Bragança,2020,0
Bragança,2021,0
Bragança,2022,0
Bragança,2023,0
Brasil Novo,2008,0
Brasil Novo,2009,0
Brasil Novo,2010,0
Brasil Novo,2011,0
Brasil Novo,2012,0
Brasil Novo,2013,0
Brasil Novo,2014,0
Brasil Novo,2015,0
Brasil Novo,2016,0
Brasil Novo,2017,0
Brasil Novo,2018,0
Brasil Novo,2019,0
Brasil Novo,2020,0
Brasil Novo,2021,0
Brasil Novo,2022,0
Brasil Novo,2023,0
Brejo Grande do Araguaia,2008,0
Brejo Grande do Araguaia,2009,0
Brejo Grande do Araguaia,2010,0
Brejo Grande do Araguaia,2011,0
Brejo Grande do Araguaia,2012,0
Brejo Grande do Araguaia,2013,0
Brejo Grande do Araguaia,2014,0
Brejo Grande do Araguaia,2015,0
Brejo Grande do Araguaia,2016,0
Brejo Grande do Araguaia,2017,0
Brejo Grande do Araguaia,2018,0
Brejo Grande do Araguaia,2019,500
Brejo Grande do Araguaia,2020,500
Brejo Grande do Araguaia,2021,500
Brejo Grande do Araguaia,2022,500
Brejo Grande do Araguaia,2023,500
Breu Branco,2008,0
Breu Branco,2009,0
Breu Branco,2010,0
Breu Branco,2011,0
Breu Branco,2012,0
Breu Branco,2013,0
Breu Branco,2014,0
Breu Branco,2015,0
Breu Branco,2016,0
Breu Branco,2017,0
Breu Branco,2018,0
Breu Branco,2019,0
Breu Branco,2020,0
Breu Branco,2021,0
Breu Branco,2022,0
Breu Branco,2023,4000
Breves,2008,0
Breves,2009,0
Breves,2010,0
Breves,2011,0
Breves,2012,0
Breves,2013,0
Breves,2014,0
Breves,2015,0
Breves,2016,0
Breves,2017,0
Breves,2018,0
Breves,2019,0
Breves,2020,0
Breves,2021,0
Breves,2022,0
Breves,2023,0
Bujaru,2008,0
Bujaru,2009,0
Bujaru,2010,0
Bujaru,2011,0
Bujaru,2012,0
Bujaru,2013,0
Bujaru,2014,0
Bujaru,2015,0
Bujaru,2016,0
Bujaru,2017,0
Bujaru,2018,0
Bujaru,2019,0
Bujaru,2020,0
Bujaru,2021,0
Bujaru,2022,0
Bujaru,2023,0
Cachoeira do Arari,2008,0
Cachoeira do Arari,2009,0
Cachoeira do Arari,2010,0
Cachoeira do Arari,2011,0
Cachoeira do Arari,2012,0
Cachoeira do Arari,2013,0
Cachoeira do Arari,2014,0
Cachoeira do Arari,2015,0
Cachoeira do Arari,2016,0
Cachoeira do Arari,2017,0
Cachoeira do Arari,2018,0
Cachoeira do Arari,2019,0
Cachoeira do Arari,2020,0
Cachoeira do Arari,2021,0
Cachoeira do Arari,2022,0
Cachoeira do Arari,2023,0
Cachoeira do Piriá,2008,0
Cachoeira do Piriá,2009,0
Cachoeira do Piriá,2010,0
Cachoeira do Piriá,2011,0
Cachoeira do Piriá,2012,0
Cachoeira do Piriá,2013,0
Cachoeira do Piriá,2014,0
Cachoeira do Piriá,2015,0
Cachoeira do Piriá,2016,0
Cachoeira do Piriá,2017,0
Cachoeira do Piriá,2018,0
Cachoeira do Piriá,2019,0
Cachoeira do Piriá,2020,0
Cachoeira do Piriá,2021,0
Cachoeira do Piriá,2022,0
Cachoeira do Piriá,2023,0
Cametá,2008,0
Cametá,2009,0
Cametá,2010,0
Cametá,2011,0
Cametá,2012,0
Cametá,2013,0
Cametá,2014,0
Cametá,2015,0
Cametá,2016,0
Cametá,2017,0
Cametá,2018,0
Cametá,2019,0
Cametá,2020,0
Cametá,2021,0
Cametá,2022,0
Cametá,2023,0
Canaã dos Carajás,2008,0
Canaã dos Carajás,2009,0
Canaã dos Carajás,2010,0
Canaã dos Carajás,2011,0
Canaã dos Carajás,2012,0
Canaã dos Carajás,2013,0
Canaã dos Carajás,2014,0
Canaã dos Carajás,2015,0
Canaã dos Carajás,2016,0
Canaã dos Carajás,2017,0
Canaã dos Carajás,2018,0
Canaã dos Carajás,2019,0
Canaã dos Carajás,2020,0
Canaã dos Carajás,2021,0
Canaã dos Carajás,2022,0
Canaã dos Carajás,2023,0
Capanema,2008,0
Capanema,2009,0
Capanema,2010,0
Capanema,2011,0
Capanema,2012,0
Capanema,2013,0
Capanema,2014,0
Capanema,2015,0
Capanema,2016,0
Capanema,2017,0
Capanema,2018,0
Capanema,2019,0
Capanema,2020,0
Capanema,2021,0
Capanema,2022,0
Capanema,2023,0
Capitão Poço,2008,500
Capitão Poço,2009,300
Capitão Poço,2010,0
Capitão Poço,2011,0
Capitão Poço,2012,0
Capitão Poço,2013,0
Capitão Poço,2014,0
Capitão Poço,2015,0
Capitão Poço,2016,0
Capitão Poço,2017,0
Capitão Poço,2018,0
Capitão Poço,2019,0
Capitão Poço,2020,0
Capitão Poço,2021,0
Capitão Poço,2022,0
Capitão Poço,2023,0
Castanhal,2008,0
Castanhal,2009,0
Castanhal,2010,0
Castanhal,2011,0
Castanhal,2012,0
Castanhal,2013,0
Castanhal,2014,0
Castanhal,2015,0
Castanhal,2016,0
Castanhal,2017,0
Castanhal,2018,0
Castanhal,2019,0
Castanhal,2020,0
Castanhal,2021,0
Castanhal,2022,0
Castanhal,2023,0
Chaves,2008,0
Chaves,2009,0
Chaves,2010,0
Chaves,2011,0
Chaves,2012,0
Chaves,2013,0
Chaves,2014,0
Chaves,2015,0
Chaves,2016,0
Chaves,2017,0
Chaves,2018,0
Chaves,2019,0
Chaves,2020,0
Chaves,2021,0
Chaves,2022,0
Chaves,2023,0
Colares,2008,0
Colares,2009,0
Colares,2010,0
Colares,2011,0
Colares,2012,0
Colares,2013,0
Colares,2014,0
Colares,2015,0
Colares,2016,0
Colares,2017,0
Colares,2018,0
Colares,2019,0
Colares,2020,0
Colares,2021,0
Colares,2022,0
Colares,2023,0
Conceição do Araguaia,2008,1000
Conceição do Araguaia,2009,0
Conceição do Araguaia,2010,1000
Conceição do Araguaia,2011,300
Conceição do Araguaia,2012,350
Conceição do Araguaia,2013,400
Conceição do Araguaia,2014,1200
Conceição do Araguaia,2015,745
Conceição do Araguaia,2016,880
Conceição do Araguaia,2017,1110
Conceição do Araguaia,2018,2338
Conceição do Araguaia,2019,3372
Conceição do Araguaia,2020,3714
Conceição do Araguaia,2021,7111
Conceição do Araguaia,2022,7466
Conceição do Araguaia,2023,7466
Concórdia do Pará,2008,0
Concórdia do Pará,2009,0
Concórdia do Pará,2010,0
Concórdia do Pará,2011,0
Concórdia do Pará,2012,0
Concórdia do Pará,2013,0
Concórdia do Pará,2014,0
Concórdia do Pará,2015,0
Concórdia do Pará,2016,0
Concórdia do Pará,2017,0
Concórdia do Pará,2018,0
Concórdia do Pará,2019,0
Concórdia do Pará,2020,0
Concórdia do Pará,2021,0
Concórdia do Pará,2022,0
Concórdia do Pará,2023,0
Cumaru do Norte,2008,0
Cumaru do Norte,2009,0
Cumaru do Norte,2010,0
Cumaru do Norte,2011,0
Cumaru do Norte,2012,2500
Cumaru do Norte,2013,4000
Cumaru do Norte,2014,6000
Cumaru do Norte,2015,7800
Cumaru do Norte,2016,15000
Cumaru do Norte,2017,13053
Cumaru do Norte,2018,10252
Cumaru do Norte,2019,12220
Cumaru do Norte,2020,20000
Cumaru do Norte,2021,11668
Cumaru do Norte,2022,11668
Cumaru do Norte,2023,13645
Curionópolis,2008,0
Curionópolis,2009,0
Curionópolis,2010,0
Curionópolis,2011,0
Curionópolis,2012,0
Curionópolis,2013,0
Curionópolis,2014,0
Curionópolis,2015,0
Curionópolis,2016,0
Curionópolis,2017,0
Curionópolis,2018,0
Curionópolis,2019,0
Curionópolis,2020,0
Curionópolis,2021,0
Curionópolis,2022,0
Curionópolis,2023,0
Curralinho,2008,0
Curralinho,2009,0
Curralinho,2010,0
Curralinho,2011,0
Curralinho,2012,0
Curralinho,2013,0
Curralinho,2014,0
Curralinho,2015,0
Curralinho,2016,0
Curralinho,2017,0
Curralinho,2018,0
Curralinho,2019,0
Curralinho,2020,0
Curralinho,2021,0
Curralinho,2022,0
Curralinho,2023,0
Curuá,2008,0
Curuá,2009,0
Curuá,2010,0
Curuá,2011,0
Curuá,2012,0
Curuá,2013,0
Curuá,2014,0
Curuá,2015,0
Curuá,2016,0
Curuá,2017,0
Curuá,2018,0
Curuá,2019,0
Curuá,2020,0
Curuá,2021,0
Curuá,2022,0
Curuá,2023,0
Curuçá,2008,0
Curuçá,2009,0
Curuçá,2010,0
Curuçá,2011,0
Curuçá,2012,0
Curuçá,2013,0
Curuçá,2014,0
Curuçá,2015,0
Curuçá,2016,0
Curuçá,2017,0
Curuçá,2018,0
Curuçá,2019,0
Curuçá,2020,0
Curuçá,2021,0
Curuçá,2022,0
Curuçá,2023,0
Dom Eliseu,2008,7000
Dom Eliseu,2009,7300
Dom Eliseu,2010,9000
Dom Eliseu,2011,13800
Dom Eliseu,2012,20000
Dom Eliseu,2013,32000
Dom Eliseu,2014,32000
Dom Eliseu,2015,70000
Dom Eliseu,2016,70000
Dom Eliseu,2017,84000
Dom Eliseu,2018,88000
Dom Eliseu,2019,85000
Dom Eliseu,2020,90000
Dom Eliseu,2021,101500
Dom Eliseu,2022,121500
Dom Eliseu,2023,170000
Eldorado do Carajás,2008,0
Eldorado do Carajás,2009,0
Eldorado do Carajás,2010,0
Eldorado do Carajás,2011,0
Eldorado do Carajás,2012,0
Eldorado do Carajás,2013,0
Eldorado do Carajás,2014,0
Eldorado do Carajás,2015,0
Eldorado do Carajás,2016,0
Eldorado do Carajás,2017,0
Eldorado do Carajás,2018,0
Eldorado do Carajás,2019,0
Eldorado do Carajás,2020,0
Eldorado do Carajás,2021,0
Eldorado do Carajás,2022,0
Eldorado do Carajás,2023,0
Faro,2008,0
Faro,2009,0
Faro,2010,0
Faro,2011,0
Faro,2012,0
Faro,2013,0
Faro,2014,0
Faro,2015,0
Faro,2016,0
Faro,2017,0
Faro,2018,0
Faro,2019,0
Faro,2020,0
Faro,2021,0
Faro,2022,0
Faro,2023,0
Floresta do Araguaia,2008,1700
Floresta do Araguaia,2009,1400
Floresta do Araguaia,2010,500
Floresta do Araguaia,2011,800
Floresta do Araguaia,2012,950
Floresta do Araguaia,2013,1200
Floresta do Araguaia,2014,1250
Floresta do Araguaia,2015,2500
Floresta do Araguaia,2016,3500
Floresta do Araguaia,2017,3808
Floresta do Araguaia,2018,3200
Floresta do Araguaia,2019,3680
Floresta do Araguaia,2020,4273
Floresta do Araguaia,2021,8166
Floresta do Araguaia,2022,8574
Floresta do Araguaia,2023,7891
Garrafão do Norte,2008,0
Garrafão do Norte,2009,0
Garrafão do Norte,2010,0
Garrafão do Norte,2011,0
Garrafão do Norte,2012,0
Garrafão do Norte,2013,0
Garrafão do Norte,2014,0
Garrafão do Norte,2015,0
Garrafão do Norte,2016,0
Garrafão do Norte,2017,0
Garrafão do Norte,2018,0
Garrafão do Norte,2019,0
Garrafão do Norte,2020,0
Garrafão do Norte,2021,0
Garrafão do Norte,2022,0
Garrafão do Norte,2023,0
Goianésia do Pará,2008,0
Goianésia do Pará,2009,0
Goianésia do Pará,2010,0
Goianésia do Pará,2011,0
Goianésia do Pará,2012,0
Goianésia do Pará,2013,0
Goianésia do Pará,2014,0
Goianésia do Pará,2015,0
Goianésia do Pará,2016,0
Goianésia do Pará,2017,150
Goianésia do Pará,2018,0
Goianésia do Pará,2019,0
Goianésia do Pará,2020,0
Goianésia do Pará,2021,0
Goianésia do Pará,2022,0
Goianésia do Pará,2023,0
Gurupá,2008,0
Gurupá,2009,0
Gurupá,2010,0
Gurupá,2011,0
Gurupá,2012,0
Gurupá,2013,0
Gurupá,2014,0
Gurupá,2015,0
Gurupá,2016,0
Gurupá,2017,0
Gurupá,2018,0
Gurupá,2019,0
Gurupá,2020,0
Gurupá,2021,0
Gurupá,2022,0
Gurupá,2023,0
Igarapé-Açu,2008,0
Igarapé-Açu,2009,0
Igarapé-Açu,2010,0
Igarapé-Açu,2011,0
Igarapé-Açu,2012,0
Igarapé-Açu,2013,0
Igarapé-Açu,2014,0
Igarapé-Açu,2015,0
Igarapé-Açu,2016,0
Igarapé-Açu,2017,0
Igarapé-Açu,2018,0
Igarapé-Açu,2019,0
Igarapé-Açu,2020,0
Igarapé-Açu,2021,0
Igarapé-Açu,2022,0
Igarapé-Açu,2023,0
Igarapé-Miri,2008,0
Igarapé-Miri,2009,0
Igarapé-Miri,2010,0
Igarapé-Miri,2011,0
Igarapé-Miri,2012,0
Igarapé-Miri,2013,0
Igarapé-Miri,2014,0
Igarapé-Miri,2015,0
Igarapé-Miri,2016,0
Igarapé-Miri,2017,0
Igarapé-Miri,2018,0
Igarapé-Miri,2019,0
Igarapé-Miri,2020,0
Igarapé-Miri,2021,0
Igarapé-Miri,2022,0
Igarapé-Miri,2023,0
Inhangapi,2008,0
Inhangapi,2009,0
Inhangapi,2010,0
Inhangapi,2011,0
Inhangapi,2012,0
Inhangapi,2013,0
Inhangapi,2014,0
Inhangapi,2015,0
Inhangapi,2016,0
Inhangapi,2017,0
Inhangapi,2018,0
Inhangapi,2019,0
Inhangapi,2020,0
Inhangapi,2021,0
Inhangapi,2022,0
Inhangapi,2023,0
Ipixuna do Pará,2008,0
Ipixuna do Pará,2009,0
Ipixuna do Pará,2010,0
Ipixuna do Pará,2011,0
Ipixuna do Pará,2012,0
Ipixuna do Pará,2013,0
Ipixuna do Pará,2014,0
Ipixuna do Pará,2015,0
Ipixuna do Pará,2016,700
Ipixuna do Pará,2017,840
Ipixuna do Pará,2018,900
Ipixuna do Pará,2019,7000
Ipixuna do Pará,2020,6500
Ipixuna do Pará,2021,6695
Ipixuna do Pará,2022,8700
Ipixuna do Pará,2023,8000
Irituia,2008,0
Irituia,2009,0
Irituia,2010,0
Irituia,2011,0
Irituia,2012,0
Irituia,2013,0
Irituia,2014,0
Irituia,2015,0
Irituia,2016,0
Irituia,2017,0
Irituia,2018,0
Irituia,2019,0
Irituia,2020,0
Irituia,2021,0
Irituia,2022,0
Irituia,2023,0
Itaituba,2008,0
Itaituba,2009,0
Itaituba,2010,0
Itaituba,2011,0
Itaituba,2012,0
Itaituba,2013,0
Itaituba,2014,0
Itaituba,2015,0
Itaituba,2016,0
Itaituba,2017,0
Itaituba,2018,0
Itaituba,2019,0
Itaituba,2020,0
Itaituba,2021,0
Itaituba,2022,0
Itaituba,2023,0
Itupiranga,2008,0
Itupiranga,2009,0
Itupiranga,2010,0
Itupiranga,2011,0
Itupiranga,2012,0
Itupiranga,2013,0
Itupiranga,2014,0
Itupiranga,2015,0
Itupiranga,2016,0
Itupiranga,2017,0
Itupiranga,2018,0
Itupiranga,2019,0
Itupiranga,2020,0
Itupiranga,2021,0
Itupiranga,2022,0
Itupiranga,2023,0
Jacareacanga,2008,0
Jacareacanga,2009,0
Jacareacanga,2010,0
Jacareacanga,2011,0
Jacareacanga,2012,0
Jacareacanga,2013,0
Jacareacanga,2014,0
Jacareacanga,2015,0
Jacareacanga,2016,0
Jacareacanga,2017,0
Jacareacanga,2018,0
Jacareacanga,2019,0
Jacareacanga,2020,0
Jacareacanga,2021,0
Jacareacanga,2022,0
Jacareacanga,2023,0
Jacundá,2008,0
Jacundá,2009,0
Jacundá,2010,0
Jacundá,2011,0
Jacundá,2012,0
Jacundá,2013,0
Jacundá,2014,0
Jacundá,2015,0
Jacundá,2016,0
Jacundá,2017,0
Jacundá,2018,0
Jacundá,2019,0
Jacundá,2020,0
Jacundá,2021,0
Jacundá,2022,0
Jacundá,2023,0
Juruti,2008,0
Juruti,2009,0
Juruti,2010,0
Juruti,2011,0
Juruti,2012,0
Juruti,2013,0
Juruti,2014,0
Juruti,2015,0
Juruti,2016,0
Juruti,2017,0
Juruti,2018,0
Juruti,2019,0
Juruti,2020,0
Juruti,2021,0
Juruti,2022,0
Juruti,2023,0
Limoeiro do Ajuru,2008,0
Limoeiro do Ajuru,2009,0
Limoeiro do Ajuru,2010,0
Limoeiro do Ajuru,2011,0
Limoeiro do Ajuru,2012,0
Limoeiro do Ajuru,2013,0
Limoeiro do Ajuru,2014,0
Limoeiro do Ajuru,2015,0
Limoeiro do Ajuru,2016,0
Limoeiro do Ajuru,2017,0
Limoeiro do Ajuru,2018,0
Limoeiro do Ajuru,2019,0
Limoeiro do Ajuru,2020,0
Limoeiro do Ajuru,2021,0
Limoeiro do Ajuru,2022,0
Limoeiro do Ajuru,2023,0
Magalhães Barata,2008,0
Magalhães Barata,2009,0
Magalhães Barata,2010,0
Magalhães Barata,2011,0
Magalhães Barata,2012,0
Magalhães Barata,2013,0
Magalhães Barata,2014,0
Magalhães Barata,2015,0
Magalhães Barata,2016,0
Magalhães Barata,2017,0
Magalhães Barata,2018,0
Magalhães Barata,2019,0
Magalhães Barata,2020,0
Magalhães Barata,2021,0
Magalhães Barata,2022,0
Magalhães Barata,2023,0
Marabá,2008,0
Marabá,2009,0
Marabá,2010,0
Marabá,2011,0
Marabá,2012,0
Marabá,2013,500
Marabá,2014,500
Marabá,2015,0
Marabá,2016,500
Marabá,2017,500
Marabá,2018,500
Marabá,2019,500
Marabá,2020,525
Marabá,2021,525
Marabá,2022,525
Marabá,2023,525
Maracanã,2008,0
Maracanã,2009,0
Maracanã,2010,0
Maracanã,2011,0
Maracanã,2012,0
Maracanã,2013,0
Maracanã,2014,0
Maracanã,2015,0
Maracanã,2016,0
Maracanã,2017,0
Maracanã,2018,0
Maracanã,2019,0
Maracanã,2020,0
Maracanã,2021,0
Maracanã,2022,0
Maracanã,2023,0
Marapanim,2008,0
Marapanim,2009,0
Marapanim,2010,0
Marapanim,2011,0
Marapanim,2012,0
Marapanim,2013,0
Marapanim,2014,0
Marapanim,2015,0
Marapanim,2016,0
Marapanim,2017,0
Marapanim,2018,0
Marapanim,2019,0
Marapanim,2020,0
Marapanim,2021,0
Marapanim,2022,0
Marapanim,2023,0
Marituba,2008,0
Marituba,2009,0
Marituba,2010,0
Marituba,2011,0
Marituba,2012,0
Marituba,2013,0
Marituba,2014,0
Marituba,2015,0
Marituba,2016,0
Marituba,2017,0
Marituba,2018,0
Marituba,2019,0
Marituba,2020,0
Marituba,2021,0
Marituba,2022,0
Marituba,2023,0
Medicilândia,2008,0
Medicilândia,2009,0
Medicilândia,2010,0
Medicilândia,2011,0
Medicilândia,2012,0
Medicilândia,2013,0
Medicilândia,2014,0
Medicilândia,2015,55
Medicilândia,2016,0
Medicilândia,2017,0
Medicilândia,2018,0
Medicilândia,2019,0
Medicilândia,2020,0
Medicilândia,2021,0
Medicilândia,2022,0
Medicilândia,2023,0
Melgaço,2008,0
Melgaço,2009,0
Melgaço,2010,0
Melgaço,2011,0
Melgaço,2012,0
Melgaço,2013,0
Melgaço,2014,0
Melgaço,2015,0
Melgaço,2016,0
Melgaço,2017,0
Melgaço,2018,0
Melgaço,2019,0
Melgaço,2020,0
Melgaço,2021,0
Melgaço,2022,0
Melgaço,2023,0
Mocajuba,2008,0
Mocajuba,2009,0
Mocajuba,2010,0
Mocajuba,2011,0
Mocajuba,2012,0
Mocajuba,2013,0
Mocajuba,2014,0
Mocajuba,2015,0
Mocajuba,2016,0
Mocajuba,2017,0
Mocajuba,2018,0
Mocajuba,2019,0
Mocajuba,2020,0
Mocajuba,2021,0
Mocajuba,2022,0
Mocajuba,2023,0
Moju,2008,0
Moju,2009,0
Moju,2010,0
Moju,2011,0
Moju,2012,0
Moju,2013,0
Moju,2014,0
Moju,2015,0
Moju,2016,0
Moju,2017,0
Moju,2018,0
Moju,2019,0
Moju,2020,0
Moju,2021,0
Moju,2022,0
Moju,2023,0
Mojuí dos Campos,2008,0
Mojuí dos Campos,2009,0
Mojuí dos Campos,2010,0
Mojuí dos Campos,2011,0
Mojuí dos Campos,2012,0
Mojuí dos Campos,2013,7069
Mojuí dos Campos,2014,12300
Mojuí dos Campos,2015,12300
Mojuí dos Campos,2016,12300
Mojuí dos Campos,2017,23500
Mojuí dos Campos,2018,20346
Mojuí dos Campos,2019,21500
Mojuí dos Campos,2020,35000
Mojuí dos Campos,2021,46000
Mojuí dos Campos,2022,50000
Mojuí dos Campos,2023,50000
Monte Alegre,2008,0
Monte Alegre,2009,0
Monte Alegre,2010,0
Monte Alegre,2011,0
Monte Alegre,2012,0
Monte Alegre,2013,0
Monte Alegre,2014,0
Monte Alegre,2015,0
Monte Alegre,2016,0
Monte Alegre,2017,0
Monte Alegre,2018,0
Monte Alegre,2019,0
Monte Alegre,2020,0
Monte Alegre,2021,0
Monte Alegre,2022,0
Monte Alegre,2023,0
Muaná,2008,0
Muaná,2009,0
Muaná,2010,0
Muaná,2011,0
Muaná,2012,0
Muaná,2013,0
Muaná,2014,0
Muaná,2015,0
Muaná,2016,0
Muaná,2017,0
Muaná,2018,0
Muaná,2019,0
Muaná,2020,0
Muaná,2021,0
Muaná,2022,0
Muaná,2023,0
Mãe do Rio,2008,0
Mãe do Rio,2009,0
Mãe do Rio,2010,0
Mãe do Rio,2011,0
Mãe do Rio,2012,0
Mãe do Rio,2013,0
Mãe do Rio,2014,0
Mãe do Rio,2015,0
Mãe do Rio,2016,0
Mãe do Rio,2017,0
Mãe do Rio,2018,0
Mãe do Rio,2019,0
Mãe do Rio,2020,0
Mãe do Rio,2021,0
Mãe do Rio,2022,0
Mãe do Rio,2023,0
Nova Esperança do Piriá,2008,0
Nova Esperança do Piriá,2009,0
Nova Esperança do Piriá,2010,0
Nova Esperança do Piriá,2011,0
Nova Esperança do Piriá,2012,0
Nova Esperança do Piriá,2013,0
Nova Esperança do Piriá,2014,0
Nova Esperança do Piriá,2015,0
Nova Esperança do Piriá,2016,0
Nova Esperança do Piriá,2017,0
Nova Esperança do Piriá,2018,0
Nova Esperança do Piriá,2019,0
Nova Esperança do Piriá,2020,0
Nova Esperança do Piriá,2021,0
Nova Esperança do Piriá,2022,0
Nova Esperança do Piriá,2023,0
Nova Ipixuna,2008,0
Nova Ipixuna,2009,0
Nova Ipixuna,2010,0
Nova Ipixuna,2011,0
Nova Ipixuna,2012,0
Nova Ipixuna,2013,0
Nova Ipixuna,2014,0
Nova Ipixuna,2015,0
Nova Ipixuna,2016,0
Nova Ipixuna,2017,0
Nova Ipixuna,2018,0
Nova Ipixuna,2019,0
Nova Ipixuna,2020,0
Nova Ipixuna,2021,0
Nova Ipixuna,2022,0
Nova Ipixuna,2023,0
Nova Timboteua,2008,0
Nova Timboteua,2009,0
Nova Timboteua,2010,0
Nova Timboteua,2011,0
Nova Timboteua,2012,0
Nova Timboteua,2013,0
Nova Timboteua,2014,0
Nova Timboteua,2015,0
Nova Timboteua,2016,0
Nova Timboteua,2017,0
Nova Timboteua,2018,0
Nova Timboteua,2019,0
Nova Timboteua,2020,0
Nova Timboteua,2021,0
Nova Timboteua,2022,0
Nova Timboteua,2023,0
Novo Progresso,2008,1000
Novo Progresso,2009,1000
Novo Progresso,2010,0
Novo Progresso,2011,0
Novo Progresso,2012,1000
Novo Progresso,2013,1000
Novo Progresso,2014,1000
Novo Progresso,2015,2000
Novo Progresso,2016,16000
Novo Progresso,2017,17000
Novo Progresso,2018,8000
Novo Progresso,2019,12500
Novo Progresso,2020,12500
Novo Progresso,2021,20000
Novo Progresso,2022,20000
Novo Progresso,2023,28472
Novo Repartimento,2008,0
Novo Repartimento,2009,0
Novo Repartimento,2010,0
Novo Repartimento,2011,0
Novo Repartimento,2012,0
Novo Repartimento,2013,0
Novo Repartimento,2014,0
Novo Repartimento,2015,0
Novo Repartimento,2016,0
Novo Repartimento,2017,0
Novo Repartimento,2018,0
Novo Repartimento,2019,0
Novo Repartimento,2020,0
Novo Repartimento,2021,0
Novo Repartimento,2022,0
Novo Repartimento,2023,0
Oeiras do Pará,2008,0
Oeiras do Pará,2009,0
Oeiras do Pará,2010,0
Oeiras do Pará,2011,0
Oeiras do Pará,2012,0
Oeiras do Pará,2013,0
Oeiras do Pará,2014,0
Oeiras do Pará,2015,0
Oeiras do Pará,2016,0
Oeiras do Pará,2017,0
Oeiras do Pará,2018,0
Oeiras do Pará,2019,0
Oeiras do Pará,2020,0
Oeiras do Pará,2021,0
Oeiras do Pará,2022,0
Oeiras do Pará,2023,0
Oriximiná,2008,0
Oriximiná,2009,0
Oriximiná,2010,0
Oriximiná,2011,0
Oriximiná,2012,0
Oriximiná,2013,0
Oriximiná,2014,0
Oriximiná,2015,0
Oriximiná,2016,0
Oriximiná,2017,0
Oriximiná,2018,0
Oriximiná,2019,0
Oriximiná,2020,0
Oriximiná,2021,0
Oriximiná,2022,0
Oriximiná,2023,0
Ourilândia do Norte,2008,0
Ourilândia do Norte,2009,0
Ourilândia do Norte,2010,0
Ourilândia do Norte,2011,0
Ourilândia do Norte,2012,0
Ourilândia do Norte,2013,0
Ourilândia do Norte,2014,0
Ourilândia do Norte,2015,0
Ourilândia do Norte,2016,0
Ourilândia do Norte,2017,0
Ourilândia do Norte,2018,0
Ourilândia do Norte,2019,0
Ourilândia do Norte,2020,0
Ourilândia do Norte,2021,0
Ourilândia do Norte,2022,0
Ourilândia do Norte,2023,0
Ourém,2008,0
Ourém,2009,0
Ourém,2010,0
Ourém,2011,0
Ourém,2012,0
Ourém,2013,0
Ourém,2014,0
Ourém,2015,0
Ourém,2016,0
Ourém,2017,0
Ourém,2018,0
Ourém,2019,0
Ourém,2020,0
Ourém,2021,0
Ourém,2022,0
Ourém,2023,0
Pacajá,2008,0
Pacajá,2009,0
Pacajá,2010,0
Pacajá,2011,0
Pacajá,2012,0
Pacajá,2013,0
Pacajá,2014,0
Pacajá,2015,0
Pacajá,2016,0
Pacajá,2017,0
Pacajá,2018,0
Pacajá,2019,0
Pacajá,2020,0
Pacajá,2021,0
Pacajá,2022,0
Pacajá,2023,0
Palestina do Pará,2008,0
Palestina do Pará,2009,0
Palestina do Pará,2010,0
Palestina do Pará,2011,0
Palestina do Pará,2012,0
Palestina do Pará,2013,0
Palestina do Pará,2014,0
Palestina do Pará,2015,0
Palestina do Pará,2016,0
Palestina do Pará,2017,0
Palestina do Pará,2018,0
Palestina do Pará,2019,0
Palestina do Pará,2020,0
Palestina do Pará,2021,0
Palestina do Pará,2022,0
Palestina do Pará,2023,0
Paragominas,2008,11720
Paragominas,2009,14200
Paragominas,2010,26600
Paragominas,2011,37348
Paragominas,2012,35354
Paragominas,2013,42000
Paragominas,2014,42000
Paragominas,2015,95000
Paragominas,2016,102163
Paragominas,2017,122035
Paragominas,2018,155000
Paragominas,2019,162000
Paragominas,2020,167000
Paragominas,2021,179600
Paragominas,2022,197560
Paragominas,2023,270000
Parauapebas,2008,0
Parauapebas,2009,0
Parauapebas,2010,0
Parauapebas,2011,0
Parauapebas,2012,0
Parauapebas,2013,600
Parauapebas,2014,600
Parauapebas,2015,600
Parauapebas,2016,600
Parauapebas,2017,600
Parauapebas,2018,10
Parauapebas,2019,600
Parauapebas,2020,630
Parauapebas,2021,600
Parauapebas,2022,0
Parauapebas,2023,0
Pau D'Arco,2008,360
Pau D'Arco,2009,400
Pau D'Arco,2010,500
Pau D'Arco,2011,0
Pau D'Arco,2012,0
Pau D'Arco,2013,0
Pau D'Arco,2014,0
Pau D'Arco,2015,0
Pau D'Arco,2016,500
Pau D'Arco,2017,500
Pau D'Arco,2018,0
Pau D'Arco,2019,0
Pau D'Arco,2020,449
Pau D'Arco,2021,449
Pau D'Arco,2022,449
Pau D'Arco,2023,1527
Peixe-Boi,2008,0
Peixe-Boi,2009,0
Peixe-Boi,2010,0
Peixe-Boi,2011,0
Peixe-Boi,2012,0
Peixe-Boi,2013,0
Peixe-Boi,2014,0
Peixe-Boi,2015,0
Peixe-Boi,2016,0
Peixe-Boi,2017,0
Peixe-Boi,2018,0
Peixe-Boi,2019,0
Peixe-Boi,2020,0
Peixe-Boi,2021,0
Peixe-Boi,2022,0
Peixe-Boi,2023,0
Piçarra,2008,0
Piçarra,2009,0
Piçarra,2010,0
Piçarra,2011,0
Piçarra,2012,0
Piçarra,2013,0
Piçarra,2014,0
Piçarra,2015,0
Piçarra,2016,0
Piçarra,2017,0
Piçarra,2018,0
Piçarra,2019,0
Piçarra,2020,0
Piçarra,2021,0
Piçarra,2022,0
Piçarra,2023,0
Placas,2008,160
Placas,2009,80
Placas,2010,80
Placas,2011,220
Placas,2012,220
Placas,2013,300
Placas,2014,300
Placas,2015,800
Placas,2016,650
Placas,2017,650
Placas,2018,650
Placas,2019,700
Placas,2020,800
Placas,2021,800
Placas,2022,1040
Placas,2023,1400
Ponta de Pedras,2008,0
Ponta de Pedras,2009,0
Ponta de Pedras,2010,0
Ponta de Pedras,2011,0
Ponta de Pedras,2012,0
Ponta de Pedras,2013,0
Ponta de Pedras,2014,0
Ponta de Pedras,2015,0
Ponta de Pedras,2016,0
Ponta de Pedras,2017,0
Ponta de Pedras,2018,0
Ponta de Pedras,2019,0
Ponta de Pedras,2020,0
Ponta de Pedras,2021,0
Ponta de Pedras,2022,0
Ponta de Pedras,2023,0
Portel,2008,0
Portel,2009,0
Portel,2010,0
Portel,2011,0
Portel,2012,0
Portel,2013,0
Portel,2014,0
Portel,2015,0
Portel,2016,0
Portel,2017,0
Portel,2018,0
Portel,2019,0
Portel,2020,0
Portel,2021,0
Portel,2022,0
Portel,2023,0
Porto de Moz,2008,0
Porto de Moz,2009,0
Porto de Moz,2010,0
Porto de Moz,2011,0
Porto de Moz,2012,0
Porto de Moz,2013,0
Porto de Moz,2014,0
Porto de Moz,2015,0
Porto de Moz,2016,0
Porto de Moz,2017,0
Porto de Moz,2018,0
Porto de Moz,2019,0
Porto de Moz,2020,0
Porto de Moz,2021,0
Porto de Moz,2022,0
Porto de Moz,2023,0
Prainha,2008,0
Prainha,2009,0
Prainha,2010,0
Prainha,2011,0
Prainha,2012,0
Prainha,2013,0
Prainha,2014,0
Prainha,2015,0
Prainha,2016,0
Prainha,2017,0
Prainha,2018,0
Prainha,2019,0
Prainha,2020,0
Prainha,2021,0
Prainha,2022,0
Prainha,2023,0
Primavera,2008,0
Primavera,2009,0
Primavera,2010,0
Primavera,2011,0
Primavera,2012,0
Primavera,2013,0
Primavera,2014,0
Primavera,2015,0
Primavera,2016,0
Primavera,2017,0
Primavera,2018,0
Primavera,2019,0
Primavera,2020,0
Primavera,2021,0
Primavera,2022,0
Primavera,2023,0
Quatipuru,2008,0
Quatipuru,2009,0
Quatipuru,2010,0
Quatipuru,2011,0
Quatipuru,2012,0
Quatipuru,2013,0
Quatipuru,2014,0
Quatipuru,2015,0
Quatipuru,2016,0
Quatipuru,2017,0
Quatipuru,2018,0
Quatipuru,2019,0
Quatipuru,2020,0
Quatipuru,2021,0
Quatipuru,2022,0
Quatipuru,2023,0
Redenção,2008,1500
Redenção,2009,1000
Redenção,2010,250
Redenção,2011,550
Redenção,2012,700
Redenção,2013,1040
Redenção,2014,1160
Redenção,2015,2040
Redenção,2016,4358
Redenção,2017,5005
Redenção,2018,5248
Redenção,2019,5461
Redenção,2020,7880
Redenção,2021,9193
Redenção,2022,10571
Redenção,2023,10536
Rio Maria,2008,0
Rio Maria,2009,0
Rio Maria,2010,0
Rio Maria,2011,0
Rio Maria,2012,0
Rio Maria,2013,0
Rio Maria,2014,400
Rio Maria,2015,430
Rio Maria,2016,400
Rio Maria,2017,500
Rio Maria,2018,460
Rio Maria,2019,500
Rio Maria,2020,500
Rio Maria,2021,500
Rio Maria,2022,500
Rio Maria,2023,500
Rondon do Pará,2008,150
Rondon do Pará,2009,320
Rondon do Pará,2010,420
Rondon do Pará,2011,2000
Rondon do Pará,2012,8000
Rondon do Pará,2013,12000
Rondon do Pará,2014,12000
Rondon do Pará,2015,12000
Rondon do Pará,2016,40000
Rondon do Pará,2017,48000
Rondon do Pará,2018,50000
Rondon do Pará,2019,35000
Rondon do Pará,2020,36000
Rondon do Pará,2021,47000
Rondon do Pará,2022,51700
Rondon do Pará,2023,70000
Rurópolis,2008,70
Rurópolis,2009,70
Rurópolis,2010,70
Rurópolis,2011,180
Rurópolis,2012,180
Rurópolis,2013,180
Rurópolis,2014,350
Rurópolis,2015,480
Rurópolis,2016,680
Rurópolis,2017,375
Rurópolis,2018,680
Rurópolis,2019,680
Rurópolis,2020,680
Rurópolis,2021,680
Rurópolis,2022,680
Rurópolis,2023,680
Salinópolis,2008,0
Salinópolis,2009,0
Salinópolis,2010,0
Salinópolis,2011,0
Salinópolis,2012,0
Salinópolis,2013,0
Salinópolis,2014,0
Salinópolis,2015,0
Salinópolis,2016,0
Salinópolis,2017,0
Salinópolis,2018,0
Salinópolis,2019,0
Salinópolis,2020,0
Salinópolis,2021,0
Salinópolis,2022,0
Salinópolis,2023,0
Salvaterra,2008,0
Salvaterra,2009,0
Salvaterra,2010,0
Salvaterra,2011,0
Salvaterra,2012,0
Salvaterra,2013,0
Salvaterra,2014,0
Salvaterra,2015,0
Salvaterra,2016,0
Salvaterra,2017,0
Salvaterra,2018,0
Salvaterra,2019,0
Salvaterra,2020,0
Salvaterra,2021,0
Salvaterra,2022,0
Salvaterra,2023,0
Santa Bárbara do Pará,2008,0
Santa Bárbara do Pará,2009,0
Santa Bárbara do Pará,2010,0
Santa Bárbara do Pará,2011,0
Santa Bárbara do Pará,2012,0
Santa Bárbara do Pará,2013,0
Santa Bárbara do Pará,2014,0
Santa Bárbara do Pará,2015,0
Santa Bárbara do Pará,2016,0
Santa Bárbara do Pará,2017,0
Santa Bárbara do Pará,2018,0
Santa Bárbara do Pará,2019,0
Santa Bárbara do Pará,2020,0
Santa Bárbara do Pará,2021,0
Santa Bárbara do Pará,2022,0
Santa Bárbara do Pará,2023,0
Santa Izabel do Pará,2008,0
Santa Izabel do Pará,2009,0
Santa Izabel do Pará,2010,0
Santa Izabel do Pará,2011,0
Santa Izabel do Pará,2012,0
Santa Izabel do Pará,2013,0
Santa Izabel do Pará,2014,0
Santa Izabel do Pará,2015,0
Santa Izabel do Pará,2016,0
Santa Izabel do Pará,2017,0
Santa Izabel do Pará,2018,0
Santa Izabel do Pará,2019,0
Santa Izabel do Pará,2020,0
Santa Izabel do Pará,2021,0
Santa Izabel do Pará,2022,0
Santa Izabel do Pará,2023,0
Santa Luzia do Pará,2008,0
Santa Luzia do Pará,2009,0
Santa Luzia do Pará,2010,0
Santa Luzia do Pará,2011,0
Santa Luzia do Pará,2012,0
Santa Luzia do Pará,2013,0
Santa Luzia do Pará,2014,0
Santa Luzia do Pará,2015,0
Santa Luzia do Pará,2016,0
Santa Luzia do Pará,2017,0
Santa Luzia do Pará,2018,0
Santa Luzia do Pará,2019,0
Santa Luzia do Pará,2020,0
Santa Luzia do Pará,2021,0
Santa Luzia do Pará,2022,0
Santa Luzia do Pará,2023,0
Santa Maria das Barreiras,2008,2900
Santa Maria das Barreiras,2009,2900
Santa Maria das Barreiras,2010,2800
Santa Maria das Barreiras,2011,3300
Santa Maria das Barreiras,2012,3450
Santa Maria das Barreiras,2013,5520
Santa Maria das Barreiras,2014,7000
Santa Maria das Barreiras,2015,10800
Santa Maria das Barreiras,2016,13860
Santa Maria das Barreiras,2017,23621
Santa Maria das Barreiras,2018,32000
Santa Maria das Barreiras,2019,45000
Santa Maria das Barreiras,2020,47566
Santa Maria das Barreiras,2021,57492
Santa Maria das Barreiras,2022,66115
Santa Maria das Barreiras,2023,66615
Santa Maria do Pará,2008,0
Santa Maria do Pará,2009,0
Santa Maria do Pará,2010,0
Santa Maria do Pará,2011,0
Santa Maria do Pará,2012,0
Santa Maria do Pará,2013,0
Santa Maria do Pará,2014,0
Santa Maria do Pará,2015,0
Santa Maria do Pará,2016,0
Santa Maria do Pará,2017,0
Santa Maria do Pará,2018,0
Santa Maria do Pará,2019,0
Santa Maria do Pará,2020,0
Santa Maria do Pará,2021,0
Santa Maria do Pará,2022,0
Santa Maria do Pará,2023,0
Santana do Araguaia,2008,4630
Santana do Araguaia,2009,5500
Santana do Araguaia,2010,5500
Santana do Araguaia,2011,7000
Santana do Araguaia,2012,8900
Santana do Araguaia,2013,32100
Santana do Araguaia,2014,60000
Santana do Araguaia,2015,50000
Santana do Araguaia,2016,67000
Santana do Araguaia,2017,66541
Santana do Araguaia,2018,72000
Santana do Araguaia,2019,69000
Santana do Araguaia,2020,77770
Santana do Araguaia,2021,107000
Santana do Araguaia,2022,119840
Santana do Araguaia,2023,119840
Santarém,2008,17250
Santarém,2009,18000
Santarém,2010,17100
Santarém,2011,17800
Santarém,2012,17800
Santarém,2013,12725
Santarém,2014,14660
Santarém,2015,14660
Santarém,2016,16000
Santarém,2017,18000
Santarém,2018,19000
Santarém,2019,15530
Santarém,2020,18000
Santarém,2021,30000
Santarém,2022,30000
Santarém,2023,30000
Santarém Novo,2008,0
Santarém Novo,2009,0
Santarém Novo,2010,0
Santarém Novo,2011,0
Santarém Novo,2012,0
Santarém Novo,2013,0
Santarém Novo,2014,0
Santarém Novo,2015,0
Santarém Novo,2016,0
Santarém Novo,2017,0
Santarém Novo,2018,0
Santarém Novo,2019,0
Santarém Novo,2020,0
Santarém Novo,2021,0
Santarém Novo,2022,0
Santarém Novo,2023,0
Santo Antônio do Tauá,2008,0
Santo Antônio do Tauá,2009,0
Santo Antônio do Tauá,2010,0
Santo Antônio do Tauá,2011,0
Santo Antônio do Tauá,2012,0
Santo Antônio do Tauá,2013,0
Santo Antônio do Tauá,2014,0
Santo Antônio do Tauá,2015,0
Santo Antônio do Tauá,2016,0
Santo Antônio do Tauá,2017,0
Santo Antônio do Tauá,2018,0
Santo Antônio do Tauá,2019,0
Santo Antônio do Tauá,2020,0
Santo Antônio do Tauá,2021,0
Santo Antônio do Tauá,2022,0
Santo Antônio do Tauá,2023,0
Sapucaia,2008,0
Sapucaia,2009,0
Sapucaia,2010,0
Sapucaia,2011,0
Sapucaia,2012,0
Sapucaia,2013,0
Sapucaia,2014,0
Sapucaia,2015,0
Sapucaia,2016,0
Sapucaia,2017,0
Sapucaia,2018,0
Sapucaia,2019,0
Sapucaia,2020,0
Sapucaia,2021,0
Sapucaia,2022,0
Sapucaia,2023,0
Senador José Porfírio,2008,0
Senador José Porfírio,2009,0
Senador José Porfírio,2010,0
Senador José Porfírio,2011,0
Senador José Porfírio,2012,0
Senador José Porfírio,2013,0
Senador José Porfírio,2014,0
Senador José Porfírio,2015,0
Senador José Porfírio,2016,0
Senador José Porfírio,2017,0
Senador José Porfírio,2018,0
Senador José Porfírio,2019,0
Senador José Porfírio,2020,0
Senador José Porfírio,2021,0
Senador José Porfírio,2022,0
Senador José Porfírio,2023,0
Soure,2008,0
Soure,2009,0
Soure,2010,0
Soure,2011,0
Soure,2012,0
Soure,2013,0
Soure,2014,0
Soure,2015,0
Soure,2016,0
Soure,2017,0
Soure,2018,0
Soure,2019,0
Soure,2020,0
Soure,2021,0
Soure,2022,0
Soure,2023,0
São Caetano de Odivelas,2008,0
São Caetano de Odivelas,2009,0
São Caetano de Odivelas,2010,0
São Caetano de Odivelas,2011,0
São Caetano de Odivelas,2012,0
São Caetano de Odivelas,2013,0
São Caetano de Odivelas,2014,0
São Caetano de Odivelas,2015,0
São Caetano de Odivelas,2016,0
São Caetano de Odivelas,2017,0
São Caetano de Odivelas,2018,0
São Caetano de Odivelas,2019,0
São Caetano de Odivelas,2020,0
São Caetano de Odivelas,2021,0
São Caetano de Odivelas,2022,0
São Caetano de Odivelas,2023,0
São Domingos do Araguaia,2008,0
São Domingos do Araguaia,2009,0
São Domingos do Araguaia,2010,0
São Domingos do Araguaia,2011,0
São Domingos do Araguaia,2012,0
São Domingos do Araguaia,2013,0
São Domingos do Araguaia,2014,0
São Domingos do Araguaia,2015,0
São Domingos do Araguaia,2016,0
São Domingos do Araguaia,2017,0
São Domingos do Araguaia,2018,0
São Domingos do Araguaia,2019,0
São Domingos do Araguaia,2020,0
São Domingos do Araguaia,2021,0
São Domingos do Araguaia,2022,0
São Domingos do Araguaia,2023,0
São Domingos do Capim,2008,0
São Domingos do Capim,2009,0
São Domingos do Capim,2010,0
São Domingos do Capim,2011,0
São Domingos do Capim,2012,0
São Domingos do Capim,2013,0
São Domingos do Capim,2014,0
São Domingos do Capim,2015,0
São Domingos do Capim,2016,0
São Domingos do Capim,2017,0
São Domingos do Capim,2018,0
São Domingos do Capim,2019,0
São Domingos do Capim,2020,0
São Domingos do Capim,2021,0
São Domingos do Capim,2022,0
São Domingos do Capim,2023,0
São Francisco do Pará,2008,0
São Francisco do Pará,2009,0
São Francisco do Pará,2010,0
São Francisco do Pará,2011,0
São Francisco do Pará,2012,0
São Francisco do Pará,2013,0
São Francisco do Pará,2014,0
São Francisco do Pará,2015,0
São Francisco do Pará,2016,0
São Francisco do Pará,2017,0
São Francisco do Pará,2018,0
São Francisco do Pará,2019,0
São Francisco do Pará,2020,0
São Francisco do Pará,2021,0
São Francisco do Pará,2022,0
São Francisco do Pará,2023,0
São Félix do Xingu,2008,0
São Félix do Xingu,2009,0
São Félix do Xingu,2010,0
São Félix do Xingu,2011,0
São Félix do Xingu,2012,0
São Félix do Xingu,2013,0
São Félix do Xingu,2014,0
São Félix do Xingu,2015,0
São Félix do Xingu,2016,0
São Félix do Xingu,2017,0
São Félix do Xingu,2018,500
São Félix do Xingu,2019,560
São Félix do Xingu,2020,728
São Félix do Xingu,2021,3128
São Félix do Xingu,2022,5500
São Félix do Xingu,2023,8000
São Geraldo do Araguaia,2008,0
São Geraldo do Araguaia,2009,0
São Geraldo do Araguaia,2010,0
São Geraldo do Araguaia,2011,0
São Geraldo do Araguaia,2012,0
São Geraldo do Araguaia,2013,0
São Geraldo do Araguaia,2014,0
São Geraldo do Araguaia,2015,0
São Geraldo do Araguaia,2016,0
São Geraldo do Araguaia,2017,0
São Geraldo do Araguaia,2018,0
São Geraldo do Araguaia,2019,0
São Geraldo do Araguaia,2020,0
São Geraldo do Araguaia,2021,0
São Geraldo do Araguaia,2022,0
São Geraldo do Araguaia,2023,0
São João da Ponta,2008,0
São João da Ponta,2009,0
São João da Ponta,2010,0
São João da Ponta,2011,0
São João da Ponta,2012,0
São João da Ponta,2013,0
São João da Ponta,2014,0
São João da Ponta,2015,0
São João da Ponta,2016,0
São João da Ponta,2017,0
São João da Ponta,2018,0
São João da Ponta,2019,0
São João da Ponta,2020,0
São João da Ponta,2021,0
São João da Ponta,2022,0
São João da Ponta,2023,0
São João de Pirabas,2008,0
São João de Pirabas,2009,0
São João de Pirabas,2010,0
São João de Pirabas,2011,0
São João de Pirabas,2012,0
São João de Pirabas,2013,0
São João de Pirabas,2014,0
São João de Pirabas,2015,0
São João de Pirabas,2016,0
São João de Pirabas,2017,0
São João de Pirabas,2018,0
São João de Pirabas,2019,0
São João de Pirabas,2020,0
São João de Pirabas,2021,0
São João de Pirabas,2022,0
São João de Pirabas,2023,0
São João do Araguaia,2008,0
São João do Araguaia,2009,0
São João do Araguaia,2010,0
São João do Araguaia,2011,0
São João do Araguaia,2012,0
São João do Araguaia,2013,0
São João do Araguaia,2014,0
São João do Araguaia,2015,0
São João do Araguaia,2016,1000
São João do Araguaia,2017,400
São João do Araguaia,2018,400
São João do Araguaia,2019,400
São João do Araguaia,2020,392
São João do Araguaia,2021,392
São João do Araguaia,2022,392
São João do Araguaia,2023,392
São Miguel do Guamá,2008,0
São Miguel do Guamá,2009,0
São Miguel do Guamá,2010,0
São Miguel do Guamá,2011,0
São Miguel do Guamá,2012,0
São Miguel do Guamá,2013,0
São Miguel do Guamá,2014,0
São Miguel do Guamá,2015,0
São Miguel do Guamá,2016,0
São Miguel do Guamá,2017,0
São Miguel do Guamá,2018,0
São Miguel do Guamá,2019,0
São Miguel do Guamá,2020,0
São Miguel do Guamá,2021,0
São Miguel do Guamá,2022,0
São Miguel do Guamá,2023,0
São Sebastião da Boa Vista,2008,0
São Sebastião da Boa Vista,2009,0
São Sebastião da Boa Vista,2010,0
São Sebastião da Boa Vista,2011,0
São Sebastião da Boa Vista,2012,0
São Sebastião da Boa Vista,2013,0
São Sebastião da Boa Vista,2014,0
São Sebastião da Boa Vista,2015,0
São Sebastião da Boa Vista,2016,0
São Sebastião da Boa Vista,2017,0
São Sebastião da Boa Vista,2018,0
São Sebastião da Boa Vista,2019,0
São Sebastião da Boa Vista,2020,0
São Sebastião da Boa Vista,2021,0
São Sebastião da Boa Vista,2022,0
São Sebastião da Boa Vista,2023,0
Tailândia,2008,0
Tailândia,2009,0
Tailândia,2010,120
Tailândia,2011,200
Tailândia,2012,700
Tailândia,2013,900
Tailândia,2014,3000
Tailândia,2015,4370
Tailândia,2016,6000
Tailândia,2017,5000
Tailândia,2018,11000
Tailândia,2019,11000
Tailândia,2020,17500
Tailândia,2021,17500
Tailândia,2022,17500
Tailândia,2023,17500
Terra Alta,2008,0
Terra Alta,2009,0
Terra Alta,2010,0
Terra Alta,2011,0
Terra Alta,2012,0
Terra Alta,2013,0
Terra Alta,2014,0
Terra Alta,2015,0
Terra Alta,2016,0
Terra Alta,2017,0
Terra Alta,2018,0
Terra Alta,2019,0
Terra Alta,2020,0
Terra Alta,2021,0
Terra Alta,2022,0
Terra Alta,2023,0
Terra Santa,2008,0
Terra Santa,2009,0
Terra Santa,2010,0
Terra Santa,2011,0
Terra Santa,2012,0
Terra Santa,2013,0
Terra Santa,2014,0
Terra Santa,2015,0
Terra Santa,2016,0
Terra Santa,2017,0
Terra Santa,2018,0
Terra Santa,2019,0
Terra Santa,2020,0
Terra Santa,2021,0
Terra Santa,2022,0
Terra Santa,2023,0
Tomé-Açu,2008,0
Tomé-Açu,2009,0
Tomé-Açu,2010,0
Tomé-Açu,2011,0
Tomé-Açu,2012,0
Tomé-Açu,2013,0
Tomé-Açu,2014,0
Tomé-Açu,2015,0
Tomé-Açu,2016,0
Tomé-Açu,2017,0
Tomé-Açu,2018,0
Tomé-Açu,2019,0
Tomé-Açu,2020,0
Tomé-Açu,2021,0
Tomé-Açu,2022,0
Tomé-Açu,2023,0
Tracuateua,2008,0
Tracuateua,2009,0
Tracuateua,2010,0
Tracuateua,2011,0
Tracuateua,2012,0
Tracuateua,2013,0
Tracuateua,2014,100
Tracuateua,2015,130
Tracuateua,2016,100
Tracuateua,2017,270
Tracuateua,2018,200
Tracuateua,2019,300
Tracuateua,2020,0
Tracuateua,2021,0
Tracuateua,2022,0
Tracuateua,2023,0
Trairão,2008,0
Trairão,2009,0
Trairão,2010,0
Trairão,2011,0
Trairão,2012,0
Trairão,2013,0
Trairão,2014,0
Trairão,2015,0
Trairão,2016,0
Trairão,2017,0
Trairão,2018,0
Trairão,2019,800
Trairão,2020,2100
Trairão,2021,2100
Trairão,2022,2100
Trairão,2023,2100
Tucumã,2008,0
Tucumã,2009,0
Tucumã,2010,0
Tucumã,2011,0
Tucumã,2012,0
Tucumã,2013,0
Tucumã,2014,0
Tucumã,2015,0
Tucumã,2016,0
Tucumã,2017,0
Tucumã,2018,47
Tucumã,2019,250
Tucumã,2020,400
Tucumã,2021,420
Tucumã,2022,400
Tucumã,2023,2000
Tucuruí,2008,0
Tucuruí,2009,0
Tucuruí,2010,0
Tucuruí,2011,0
Tucuruí,2012,0
Tucuruí,2013,0
Tucuruí,2014,0
Tucuruí,2015,0
Tucuruí,2016,0
Tucuruí,2017,0
Tucuruí,2018,0
Tucuruí,2019,0
Tucuruí,2020,0
Tucuruí,2021,0
Tucuruí,2022,0
Tucuruí,2023,0
Ulianópolis,2008,5500
Ulianópolis,2009,8275
Ulianópolis,2010,9500
Ulianópolis,2011,10000
Ulianópolis,2012,7000
Ulianópolis,2013,24466
Ulianópolis,2014,32189
Ulianópolis,2015,32189
Ulianópolis,2016,46000
Ulianópolis,2017,48500
Ulianópolis,2018,60000
Ulianópolis,2019,50000
Ulianópolis,2020,49500
Ulianópolis,2021,51232
Ulianópolis,2022,55330
Ulianópolis,2023,65000
Uruará,2008,260
Uruará,2009,265
Uruará,2010,360
Uruará,2011,470
Uruará,2012,532
Uruará,2013,670
Uruará,2014,670
Uruará,2015,648
Uruará,2016,400
Uruará,2017,400
Uruará,2018,400
Uruará,2019,230
Uruará,2020,230
Uruará,2021,230
Uruará,2022,650
Uruará,2023,650
Vigia,2008,0
Vigia,2009,0
Vigia,2010,0
Vigia,2011,0
Vigia,2012,0
Vigia,2013,0
Vigia,2014,0
Vigia,2015,0
Vigia,2016,0
Vigia,2017,0
Vigia,2018,0
Vigia,2019,0
Vigia,2020,0
Vigia,2021,0
Vigia,2022,0
Vigia,2023,0
Viseu,2008,0
Viseu,2009,0
Viseu,2010,0
Viseu,2011,0
Viseu,2012,0
Viseu,2013,0
Viseu,2014,0
Viseu,2015,0
Viseu,2016,0
Viseu,2017,0
Viseu,2018,0
Viseu,2019,0
Viseu,2020,0
Viseu,2021,0
Viseu,2022,0
Viseu,2023,0
Vitória do Xingu,2008,0
Vitória do Xingu,2009,0
Vitória do Xingu,2010,0
Vitória do Xingu,2011,0
Vitória do Xingu,2012,0
Vitória do Xingu,2013,0
Vitória do Xingu,2014,0
Vitória do Xingu,2015,0
Vitória do Xingu,2016,0
Vitória do Xingu,2017,0
Vitória do Xingu,2018,0
Vitória do Xingu,2019,0
Vitória do Xingu,2020,0
Vitória do Xingu,2021,0
Vitória do Xingu,2022,0
Vitória do Xingu,2023,0
Xinguara,2008,0
Xinguara,2009,0
Xinguara,2010,0
Xinguara,2011,0
Xinguara,2012,0
Xinguara,2013,19
Xinguara,2014,0
Xinguara,2015,0
Xinguara,2016,0
Xinguara,2017,0
Xinguara,2018,0
Xinguara,2019,100
Xinguara,2020,100
Xinguara,2021,100
Xinguara,2022,100
Xinguara,2023,100
Água Azul do Norte,2008,300
Água Azul do Norte,2009,0
Água Azul do Norte,2010,0
Água Azul do Norte,2011,0
Água Azul do Norte,2012,0
Água Azul do Norte,2013,0
Água Azul do Norte,2014,0
Água Azul do Norte,2015,0
Água Azul do Norte,2016,0
Água Azul do Norte,2017,300
Água Azul do Norte,2018,500
Água Azul do Norte,2019,530
Água Azul do Norte,2020,530
Água Azul do Norte,2021,600
Água Azul do Norte,2022,600
Água Azul do Norte,2023,600
Óbidos,2008,0
Óbidos,2009,0
Óbidos,2010,0
Óbidos,2011,0
Óbidos,2012,0
Óbidos,2013,0
Óbidos,2014,0
Óbidos,2015,0
Óbidos,2016,0
Óbidos,2017,0
Óbidos,2018,0
Óbidos,2019,0
Óbidos,2020,0
Óbidos,2021,0
Óbidos,2022,0
Óbidos,2023,0
