Município,Ano,Total Rebanho (Bovino)
Abaetetuba,2008,4194
Abaetetuba,2009,3438
Abaetetuba,2010,2263
Abaetetuba,2011,1527
Abaetetuba,2012,1859
Abaetetuba,2013,1858
Abaetetuba,2014,1700
Abaetetuba,2015,19086
Abaetetuba,2016,2408
Abaetetuba,2017,2800
Abaetetuba,2018,3100
Abaetetuba,2019,2800
Abaetetuba,2020,3100
Abaetetuba,2021,3500
Abaetetuba,2022,3800
Abaetetuba,2023,4500
Abel Figueiredo,2008,58328
Abel Figueiredo,2009,52498
Abel Figueiredo,2010,48198
Abel Figueiredo,2011,44422
Abel Figueiredo,2012,46000
Abel Figueiredo,2013,54531
Abel Figueiredo,2014,57517
Abel Figueiredo,2015,54195
Abel Figueiredo,2016,45934
Abel Figueiredo,2017,46364
Abel Figueiredo,2018,45025
Abel Figueiredo,2019,50371
Abel Figueiredo,2020,49300
Abel Figueiredo,2021,45670
Abel Figueiredo,2022,46200
Abel Figueiredo,2023,50800
Acará,2008,25000
Acará,2009,26000
Acará,2010,21480
Acará,2011,11689
Acará,2012,6372
Acará,2013,10085
Acará,2014,10948
Acará,2015,11982
Acará,2016,10546
Acará,2017,10740
Acará,2018,19741
Acará,2019,19700
Acará,2020,12179
Acará,2021,15184
Acará,2022,15674
Acará,2023,18099
Afuá,2008,3800
Afuá,2009,4200
Afuá,2010,4280
Afuá,2011,4350
Afuá,2012,4410
Afuá,2013,1904
Afuá,2014,2105
Afuá,2015,2364
Afuá,2016,1547
Afuá,2017,1571
Afuá,2018,1515
Afuá,2019,1639
Afuá,2020,1761
Afuá,2021,1842
Afuá,2022,1505
Afuá,2023,1482
Alenquer,2008,112400
Alenquer,2009,147352
Alenquer,2010,170396
Alenquer,2011,166052
Alenquer,2012,160908
Alenquer,2013,168444
Alenquer,2014,191140
Alenquer,2015,189902
Alenquer,2016,190903
Alenquer,2017,188400
Alenquer,2018,213741
Alenquer,2019,205369
Alenquer,2020,224431
Alenquer,2021,237509
Alenquer,2022,224431
Alenquer,2023,263592
Almeirim,2008,33108
Almeirim,2009,34763
Almeirim,2010,36501
Almeirim,2011,38326
Almeirim,2012,39475
Almeirim,2013,25312
Almeirim,2014,24124
Almeirim,2015,21853
Almeirim,2016,21100
Almeirim,2017,23414
Almeirim,2018,28110
Almeirim,2019,28672
Almeirim,2020,26092
Almeirim,2021,26966
Almeirim,2022,26092
Almeirim,2023,26966
Altamira,2008,399512
Altamira,2009,413625
Altamira,2010,555324
Altamira,2011,688901
Altamira,2012,668541
Altamira,2013,711028
Altamira,2014,687535
Altamira,2015,628481
Altamira,2016,657436
Altamira,2017,656430
Altamira,2018,707958
Altamira,2019,759451
Altamira,2020,797254
Altamira,2021,904271
Altamira,2022,1003968
Altamira,2023,1079168
Anajás,2008,700
Anajás,2009,820
Anajás,2010,858
Anajás,2011,860
Anajás,2012,910
Anajás,2013,990
Anajás,2014,1024
Anajás,2015,970
Anajás,2016,950
Anajás,2017,960
Anajás,2018,1610
Anajás,2019,1640
Anajás,2020,1560
Anajás,2021,1310
Anajás,2022,1230
Anajás,2023,1050
Ananindeua,2008,200
Ananindeua,2009,260
Ananindeua,2010,240
Ananindeua,2011,250
Ananindeua,2012,146
Ananindeua,2013,180
Ananindeua,2014,34
Ananindeua,2015,124
Ananindeua,2016,85
Ananindeua,2017,78
Ananindeua,2018,102
Ananindeua,2019,81
Ananindeua,2020,34
Ananindeua,2021,50
Ananindeua,2022,22
Ananindeua,2023,20
Anapu,2008,175384
Anapu,2009,177857
Anapu,2010,171721
Anapu,2011,175023
Anapu,2012,225093
Anapu,2013,270460
Anapu,2014,262642
Anapu,2015,251681
Anapu,2016,267860
Anapu,2017,202400
Anapu,2018,237584
Anapu,2019,283448
Anapu,2020,325932
Anapu,2021,337782
Anapu,2022,362621
Anapu,2023,375625
Augusto Corrêa,2008,3500
Augusto Corrêa,2009,2953
Augusto Corrêa,2010,3252
Augusto Corrêa,2011,3177
Augusto Corrêa,2012,3999
Augusto Corrêa,2013,4247
Augusto Corrêa,2014,3795
Augusto Corrêa,2015,3556
Augusto Corrêa,2016,3894
Augusto Corrêa,2017,4006
Augusto Corrêa,2018,3820
Augusto Corrêa,2019,3463
Augusto Corrêa,2020,3151
Augusto Corrêa,2021,3549
Augusto Corrêa,2022,3919
Augusto Corrêa,2023,4226
Aurora do Pará,2008,93884
Aurora do Pará,2009,84499
Aurora do Pará,2010,82047
Aurora do Pará,2011,82429
Aurora do Pará,2012,86450
Aurora do Pará,2013,86266
Aurora do Pará,2014,81231
Aurora do Pará,2015,80682
Aurora do Pará,2016,79862
Aurora do Pará,2017,79425
Aurora do Pará,2018,60489
Aurora do Pará,2019,69214
Aurora do Pará,2020,67493
Aurora do Pará,2021,77764
Aurora do Pará,2022,90135
Aurora do Pará,2023,90372
Aveiro,2008,35447
Aveiro,2009,37229
Aveiro,2010,37736
Aveiro,2011,37202
Aveiro,2012,31160
Aveiro,2013,43637
Aveiro,2014,42160
Aveiro,2015,45668
Aveiro,2016,47187
Aveiro,2017,50942
Aveiro,2018,50227
Aveiro,2019,52493
Aveiro,2020,55008
Aveiro,2021,64029
Aveiro,2022,55280
Aveiro,2023,65233
Bagre,2008,1560
Bagre,2009,1610
Bagre,2010,1650
Bagre,2011,1692
Bagre,2012,1744
Bagre,2013,1811
Bagre,2014,1793
Bagre,2015,1834
Bagre,2016,1612
Bagre,2017,1596
Bagre,2018,1424
Bagre,2019,1310
Bagre,2020,1100
Bagre,2021,914
Bagre,2022,820
Bagre,2023,714
Baião,2008,60514
Baião,2009,63539
Baião,2010,66715
Baião,2011,70050
Baião,2012,63241
Baião,2013,66420
Baião,2014,64870
Baião,2015,68870
Baião,2016,63570
Baião,2017,70000
Baião,2018,54197
Baião,2019,59069
Baião,2020,67407
Baião,2021,68000
Baião,2022,81976
Baião,2023,82078
Bannach,2008,142813
Bannach,2009,171387
Bannach,2010,192965
Bannach,2011,195272
Bannach,2012,211401
Bannach,2013,193334
Bannach,2014,240905
Bannach,2015,231288
Bannach,2016,240080
Bannach,2017,258244
Bannach,2018,248230
Bannach,2019,255959
Bannach,2020,301030
Bannach,2021,306881
Bannach,2022,282281
Bannach,2023,275423
Barcarena,2008,2103
Barcarena,2009,1684
Barcarena,2010,1550
Barcarena,2011,1200
Barcarena,2012,1100
Barcarena,2013,1056
Barcarena,2014,987
Barcarena,2015,1035
Barcarena,2016,986
Barcarena,2017,867
Barcarena,2018,890
Barcarena,2019,850
Barcarena,2020,800
Barcarena,2021,750
Barcarena,2022,730
Barcarena,2023,700
Belterra,2008,12200
Belterra,2009,23835
Belterra,2010,21765
Belterra,2011,20729
Belterra,2012,24136
Belterra,2013,26490
Belterra,2014,23843
Belterra,2015,23405
Belterra,2016,20842
Belterra,2017,21310
Belterra,2018,23810
Belterra,2019,22788
Belterra,2020,24507
Belterra,2021,23313
Belterra,2022,24507
Belterra,2023,21927
Belém,2008,430
Belém,2009,470
Belém,2010,485
Belém,2011,550
Belém,2012,422
Belém,2013,503
Belém,2014,173
Belém,2015,310
Belém,2016,108
Belém,2017,95
Belém,2018,118
Belém,2019,32
Belém,2020,86
Belém,2021,77
Belém,2022,86
Belém,2023,87
Benevides,2008,2100
Benevides,2009,2400
Benevides,2010,2775
Benevides,2011,2417
Benevides,2012,3188
Benevides,2013,3820
Benevides,2014,2697
Benevides,2015,2801
Benevides,2016,2973
Benevides,2017,2560
Benevides,2018,2333
Benevides,2019,2369
Benevides,2020,1825
Benevides,2021,2046
Benevides,2022,2064
Benevides,2023,2087
Bom Jesus do Tocantins,2008,184136
Bom Jesus do Tocantins,2009,172084
Bom Jesus do Tocantins,2010,176567
Bom Jesus do Tocantins,2011,169293
Bom Jesus do Tocantins,2012,174000
Bom Jesus do Tocantins,2013,184630
Bom Jesus do Tocantins,2014,183657
Bom Jesus do Tocantins,2015,187307
Bom Jesus do Tocantins,2016,194002
Bom Jesus do Tocantins,2017,202037
Bom Jesus do Tocantins,2018,205849
Bom Jesus do Tocantins,2019,201920
Bom Jesus do Tocantins,2020,239038
Bom Jesus do Tocantins,2021,239262
Bom Jesus do Tocantins,2022,250000
Bom Jesus do Tocantins,2023,245000
Bonito,2008,11778
Bonito,2009,13128
Bonito,2010,11524
Bonito,2011,12232
Bonito,2012,10781
Bonito,2013,10458
Bonito,2014,9255
Bonito,2015,9885
Bonito,2016,8483
Bonito,2017,8445
Bonito,2018,7233
Bonito,2019,5826
Bonito,2020,8684
Bonito,2021,9914
Bonito,2022,10248
Bonito,2023,13177
Bragança,2008,10799
Bragança,2009,19282
Bragança,2010,19724
Bragança,2011,18750
Bragança,2012,21511
Bragança,2013,24868
Bragança,2014,25688
Bragança,2015,25676
Bragança,2016,27094
Bragança,2017,29928
Bragança,2018,29403
Bragança,2019,26800
Bragança,2020,31408
Bragança,2021,37572
Bragança,2022,43133
Bragança,2023,45630
Brasil Novo,2008,219847
Brasil Novo,2009,222722
Brasil Novo,2010,206099
Brasil Novo,2011,211000
Brasil Novo,2012,217881
Brasil Novo,2013,235712
Brasil Novo,2014,241027
Brasil Novo,2015,233652
Brasil Novo,2016,240470
Brasil Novo,2017,223901
Brasil Novo,2018,230385
Brasil Novo,2019,239470
Brasil Novo,2020,265137
Brasil Novo,2021,289288
Brasil Novo,2022,319521
Brasil Novo,2023,308639
Brejo Grande do Araguaia,2008,89600
Brejo Grande do Araguaia,2009,80000
Brejo Grande do Araguaia,2010,79245
Brejo Grande do Araguaia,2011,86300
Brejo Grande do Araguaia,2012,77600
Brejo Grande do Araguaia,2013,76000
Brejo Grande do Araguaia,2014,82000
Brejo Grande do Araguaia,2015,89000
Brejo Grande do Araguaia,2016,109265
Brejo Grande do Araguaia,2017,104940
Brejo Grande do Araguaia,2018,104848
Brejo Grande do Araguaia,2019,112494
Brejo Grande do Araguaia,2020,120140
Brejo Grande do Araguaia,2021,130890
Brejo Grande do Araguaia,2022,132000
Brejo Grande do Araguaia,2023,135000
Breu Branco,2008,154338
Breu Branco,2009,162054
Breu Branco,2010,170156
Breu Branco,2011,129279
Breu Branco,2012,140792
Breu Branco,2013,155698
Breu Branco,2014,161663
Breu Branco,2015,153350
Breu Branco,2016,151332
Breu Branco,2017,160300
Breu Branco,2018,152371
Breu Branco,2019,132844
Breu Branco,2020,165653
Breu Branco,2021,183660
Breu Branco,2022,200290
Breu Branco,2023,200577
Breves,2008,2025
Breves,2009,2032
Breves,2010,2102
Breves,2011,2124
Breves,2012,2360
Breves,2013,2426
Breves,2014,2294
Breves,2015,2423
Breves,2016,2215
Breves,2017,2114
Breves,2018,2008
Breves,2019,1985
Breves,2020,1590
Breves,2021,1230
Breves,2022,1100
Breves,2023,920
Bujaru,2008,9700
Bujaru,2009,6200
Bujaru,2010,6266
Bujaru,2011,6993
Bujaru,2012,4661
Bujaru,2013,4850
Bujaru,2014,6482
Bujaru,2015,8229
Bujaru,2016,6614
Bujaru,2017,6145
Bujaru,2018,7207
Bujaru,2019,7717
Bujaru,2020,6516
Bujaru,2021,6823
Bujaru,2022,6115
Bujaru,2023,5939
Cachoeira do Arari,2008,48966
Cachoeira do Arari,2009,49211
Cachoeira do Arari,2010,49457
Cachoeira do Arari,2011,50940
Cachoeira do Arari,2012,43281
Cachoeira do Arari,2013,6254
Cachoeira do Arari,2014,41295
Cachoeira do Arari,2015,34830
Cachoeira do Arari,2016,36540
Cachoeira do Arari,2017,29845
Cachoeira do Arari,2018,37560
Cachoeira do Arari,2019,42123
Cachoeira do Arari,2020,41600
Cachoeira do Arari,2021,43400
Cachoeira do Arari,2022,44590
Cachoeira do Arari,2023,46100
Cachoeira do Piriá,2008,37460
Cachoeira do Piriá,2009,40373
Cachoeira do Piriá,2010,39440
Cachoeira do Piriá,2011,39995
Cachoeira do Piriá,2012,41976
Cachoeira do Piriá,2013,46519
Cachoeira do Piriá,2014,46341
Cachoeira do Piriá,2015,47169
Cachoeira do Piriá,2016,48587
Cachoeira do Piriá,2017,49848
Cachoeira do Piriá,2018,50200
Cachoeira do Piriá,2019,45567
Cachoeira do Piriá,2020,47265
Cachoeira do Piriá,2021,48857
Cachoeira do Piriá,2022,52091
Cachoeira do Piriá,2023,55189
Cametá,2008,1626
Cametá,2009,1707
Cametá,2010,1792
Cametá,2011,1881
Cametá,2012,450
Cametá,2013,413
Cametá,2014,501
Cametá,2015,980
Cametá,2016,564
Cametá,2017,493
Cametá,2018,460
Cametá,2019,409
Cametá,2020,448
Cametá,2021,450
Cametá,2022,507
Cametá,2023,2830
Canaã dos Carajás,2008,230500
Canaã dos Carajás,2009,160000
Canaã dos Carajás,2010,181000
Canaã dos Carajás,2011,175000
Canaã dos Carajás,2012,180000
Canaã dos Carajás,2013,190000
Canaã dos Carajás,2014,200000
Canaã dos Carajás,2015,205000
Canaã dos Carajás,2016,225289
Canaã dos Carajás,2017,212903
Canaã dos Carajás,2018,221436
Canaã dos Carajás,2019,243300
Canaã dos Carajás,2020,213860
Canaã dos Carajás,2021,224547
Canaã dos Carajás,2022,230000
Canaã dos Carajás,2023,228000
Capanema,2008,25978
Capanema,2009,25963
Capanema,2010,24593
Capanema,2011,25651
Capanema,2012,27397
Capanema,2013,26908
Capanema,2014,27498
Capanema,2015,27268
Capanema,2016,26588
Capanema,2017,25495
Capanema,2018,24319
Capanema,2019,23985
Capanema,2020,23072
Capanema,2021,24966
Capanema,2022,27590
Capanema,2023,28231
Capitão Poço,2008,64435
Capitão Poço,2009,62570
Capitão Poço,2010,63662
Capitão Poço,2011,67693
Capitão Poço,2012,67287
Capitão Poço,2013,68854
Capitão Poço,2014,79697
Capitão Poço,2015,80075
Capitão Poço,2016,73979
Capitão Poço,2017,69200
Capitão Poço,2018,72134
Capitão Poço,2019,78377
Capitão Poço,2020,87672
Capitão Poço,2021,106921
Capitão Poço,2022,112153
Capitão Poço,2023,116727
Castanhal,2008,25500
Castanhal,2009,26778
Castanhal,2010,26784
Castanhal,2011,27400
Castanhal,2012,30936
Castanhal,2013,31830
Castanhal,2014,27346
Castanhal,2015,30792
Castanhal,2016,31245
Castanhal,2017,18000
Castanhal,2018,35360
Castanhal,2019,35398
Castanhal,2020,34185
Castanhal,2021,36446
Castanhal,2022,36581
Castanhal,2023,42960
Chaves,2008,79000
Chaves,2009,83744
Chaves,2010,91480
Chaves,2011,99000
Chaves,2012,101402
Chaves,2013,73420
Chaves,2014,77567
Chaves,2015,76705
Chaves,2016,67249
Chaves,2017,75771
Chaves,2018,64135
Chaves,2019,66748
Chaves,2020,70485
Chaves,2021,68018
Chaves,2022,65482
Chaves,2023,67456
Colares,2008,500
Colares,2009,103
Colares,2010,130
Colares,2011,157
Colares,2012,129
Colares,2013,123
Colares,2014,139
Colares,2015,386
Colares,2016,223
Colares,2017,412
Colares,2018,508
Colares,2019,560
Colares,2020,383
Colares,2021,665
Colares,2022,784
Colares,2023,1002
Conceição do Araguaia,2008,243397
Conceição do Araguaia,2009,235913
Conceição do Araguaia,2010,258843
Conceição do Araguaia,2011,271975
Conceição do Araguaia,2012,295172
Conceição do Araguaia,2013,307069
Conceição do Araguaia,2014,313561
Conceição do Araguaia,2015,301103
Conceição do Araguaia,2016,288677
Conceição do Araguaia,2017,279313
Conceição do Araguaia,2018,269546
Conceição do Araguaia,2019,256439
Conceição do Araguaia,2020,269218
Conceição do Araguaia,2021,298233
Conceição do Araguaia,2022,320567
Conceição do Araguaia,2023,330962
Concórdia do Pará,2008,20000
Concórdia do Pará,2009,18000
Concórdia do Pará,2010,8926
Concórdia do Pará,2011,9180
Concórdia do Pará,2012,8623
Concórdia do Pará,2013,9705
Concórdia do Pará,2014,9973
Concórdia do Pará,2015,9958
Concórdia do Pará,2016,9839
Concórdia do Pará,2017,9923
Concórdia do Pará,2018,9916
Concórdia do Pará,2019,11877
Concórdia do Pará,2020,12637
Concórdia do Pará,2021,13572
Concórdia do Pará,2022,14569
Concórdia do Pará,2023,14955
Cumaru do Norte,2008,440378
Cumaru do Norte,2009,588925
Cumaru do Norte,2010,638983
Cumaru do Norte,2011,683072
Cumaru do Norte,2012,749278
Cumaru do Norte,2013,821185
Cumaru do Norte,2014,743174
Cumaru do Norte,2015,772554
Cumaru do Norte,2016,808396
Cumaru do Norte,2017,846495
Cumaru do Norte,2018,807787
Cumaru do Norte,2019,750015
Cumaru do Norte,2020,725962
Cumaru do Norte,2021,733564
Cumaru do Norte,2022,739730
Cumaru do Norte,2023,690442
Curionópolis,2008,255300
Curionópolis,2009,256000
Curionópolis,2010,280000
Curionópolis,2011,290000
Curionópolis,2012,246000
Curionópolis,2013,262000
Curionópolis,2014,270000
Curionópolis,2015,265000
Curionópolis,2016,264446
Curionópolis,2017,256321
Curionópolis,2018,253445
Curionópolis,2019,244629
Curionópolis,2020,256300
Curionópolis,2021,257434
Curionópolis,2022,262400
Curionópolis,2023,262700
Curralinho,2008,164
Curralinho,2009,153
Curralinho,2010,150
Curralinho,2011,160
Curralinho,2012,190
Curralinho,2013,203
Curralinho,2014,210
Curralinho,2015,236
Curralinho,2016,242
Curralinho,2017,230
Curralinho,2018,220
Curralinho,2019,205
Curralinho,2020,168
Curralinho,2021,115
Curralinho,2022,50
Curralinho,2023,45
Curuá,2008,28286
Curuá,2009,26020
Curuá,2010,32647
Curuá,2011,34034
Curuá,2012,32109
Curuá,2013,32181
Curuá,2014,34433
Curuá,2015,37187
Curuá,2016,37148
Curuá,2017,44068
Curuá,2018,44924
Curuá,2019,42411
Curuá,2020,45382
Curuá,2021,45914
Curuá,2022,49563
Curuá,2023,49181
Curuçá,2008,1652
Curuçá,2009,1720
Curuçá,2010,1595
Curuçá,2011,1435
Curuçá,2012,1328
Curuçá,2013,1720
Curuçá,2014,1485
Curuçá,2015,1504
Curuçá,2016,1372
Curuçá,2017,220
Curuçá,2018,1709
Curuçá,2019,2115
Curuçá,2020,2825
Curuçá,2021,3395
Curuçá,2022,4027
Curuçá,2023,2980
Dom Eliseu,2008,134457
Dom Eliseu,2009,122018
Dom Eliseu,2010,106315
Dom Eliseu,2011,105634
Dom Eliseu,2012,102980
Dom Eliseu,2013,102064
Dom Eliseu,2014,90765
Dom Eliseu,2015,88426
Dom Eliseu,2016,66838
Dom Eliseu,2017,57562
Dom Eliseu,2018,58727
Dom Eliseu,2019,62315
Dom Eliseu,2020,65970
Dom Eliseu,2021,86915
Dom Eliseu,2022,85123
Dom Eliseu,2023,88704
Eldorado do Carajás,2008,250600
Eldorado do Carajás,2009,210000
Eldorado do Carajás,2010,230000
Eldorado do Carajás,2011,234000
Eldorado do Carajás,2012,194000
Eldorado do Carajás,2013,220000
Eldorado do Carajás,2014,266000
Eldorado do Carajás,2015,300000
Eldorado do Carajás,2016,321322
Eldorado do Carajás,2017,339704
Eldorado do Carajás,2018,317482
Eldorado do Carajás,2019,342780
Eldorado do Carajás,2020,375000
Eldorado do Carajás,2021,399164
Eldorado do Carajás,2022,415000
Eldorado do Carajás,2023,417000
Faro,2008,9226
Faro,2009,7934
Faro,2010,7457
Faro,2011,871
Faro,2012,1019
Faro,2013,12149
Faro,2014,10966
Faro,2015,11318
Faro,2016,12109
Faro,2017,13102
Faro,2018,9757
Faro,2019,10635
Faro,2020,7118
Faro,2021,2759
Faro,2022,1702
Faro,2023,4491
Floresta do Araguaia,2008,147292
Floresta do Araguaia,2009,146094
Floresta do Araguaia,2010,152702
Floresta do Araguaia,2011,157068
Floresta do Araguaia,2012,166237
Floresta do Araguaia,2013,168494
Floresta do Araguaia,2014,182039
Floresta do Araguaia,2015,186621
Floresta do Araguaia,2016,180742
Floresta do Araguaia,2017,183236
Floresta do Araguaia,2018,176557
Floresta do Araguaia,2019,173898
Floresta do Araguaia,2020,193014
Floresta do Araguaia,2021,208454
Floresta do Araguaia,2022,241447
Floresta do Araguaia,2023,248613
Garrafão do Norte,2008,41844
Garrafão do Norte,2009,41376
Garrafão do Norte,2010,42384
Garrafão do Norte,2011,44079
Garrafão do Norte,2012,48946
Garrafão do Norte,2013,50325
Garrafão do Norte,2014,55324
Garrafão do Norte,2015,56117
Garrafão do Norte,2016,57520
Garrafão do Norte,2017,56680
Garrafão do Norte,2018,53125
Garrafão do Norte,2019,48555
Garrafão do Norte,2020,57972
Garrafão do Norte,2021,65689
Garrafão do Norte,2022,69332
Garrafão do Norte,2023,67875
Goianésia do Pará,2008,187380
Goianésia do Pará,2009,136850
Goianésia do Pará,2010,131600
Goianésia do Pará,2011,262091
Goianésia do Pará,2012,212152
Goianésia do Pará,2013,236237
Goianésia do Pará,2014,260724
Goianésia do Pará,2015,250730
Goianésia do Pará,2016,247493
Goianésia do Pará,2017,180000
Goianésia do Pará,2018,226500
Goianésia do Pará,2019,241437
Goianésia do Pará,2020,268537
Goianésia do Pará,2021,313412
Goianésia do Pará,2022,333315
Goianésia do Pará,2023,314499
Gurupá,2008,4706
Gurupá,2009,4940
Gurupá,2010,5138
Gurupá,2011,5344
Gurupá,2012,5557
Gurupá,2013,23
Gurupá,2014,1444
Gurupá,2015,1608
Gurupá,2016,1266
Gurupá,2017,1419
Gurupá,2018,1107
Gurupá,2019,1150
Gurupá,2020,1122
Gurupá,2021,1202
Gurupá,2022,1122
Gurupá,2023,1200
Igarapé-Açu,2008,20575
Igarapé-Açu,2009,20655
Igarapé-Açu,2010,19021
Igarapé-Açu,2011,19050
Igarapé-Açu,2012,19139
Igarapé-Açu,2013,21345
Igarapé-Açu,2014,21899
Igarapé-Açu,2015,22105
Igarapé-Açu,2016,20849
Igarapé-Açu,2017,15000
Igarapé-Açu,2018,16141
Igarapé-Açu,2019,20643
Igarapé-Açu,2020,22569
Igarapé-Açu,2021,21371
Igarapé-Açu,2022,22934
Igarapé-Açu,2023,23274
Igarapé-Miri,2008,1719
Igarapé-Miri,2009,1219
Igarapé-Miri,2010,1534
Igarapé-Miri,2011,1320
Igarapé-Miri,2012,1143
Igarapé-Miri,2013,1180
Igarapé-Miri,2014,970
Igarapé-Miri,2015,1075
Igarapé-Miri,2016,925
Igarapé-Miri,2017,1946
Igarapé-Miri,2018,1276
Igarapé-Miri,2019,1800
Igarapé-Miri,2020,1900
Igarapé-Miri,2021,2100
Igarapé-Miri,2022,2300
Igarapé-Miri,2023,2500
Inhangapi,2008,13200
Inhangapi,2009,9561
Inhangapi,2010,12704
Inhangapi,2011,12700
Inhangapi,2012,10202
Inhangapi,2013,13909
Inhangapi,2014,11482
Inhangapi,2015,13532
Inhangapi,2016,14010
Inhangapi,2017,5871
Inhangapi,2018,12443
Inhangapi,2019,12763
Inhangapi,2020,12114
Inhangapi,2021,15190
Inhangapi,2022,13549
Inhangapi,2023,12862
Ipixuna do Pará,2008,114094
Ipixuna do Pará,2009,105684
Ipixuna do Pará,2010,98454
Ipixuna do Pará,2011,105375
Ipixuna do Pará,2012,110052
Ipixuna do Pará,2013,85387
Ipixuna do Pará,2014,106639
Ipixuna do Pará,2015,108178
Ipixuna do Pará,2016,100352
Ipixuna do Pará,2017,95104
Ipixuna do Pará,2018,83206
Ipixuna do Pará,2019,105019
Ipixuna do Pará,2020,117963
Ipixuna do Pará,2021,121524
Ipixuna do Pará,2022,125753
Ipixuna do Pará,2023,130492
Irituia,2008,66237
Irituia,2009,71801
Irituia,2010,75400
Irituia,2011,67860
Irituia,2012,66874
Irituia,2013,77237
Irituia,2014,78185
Irituia,2015,81315
Irituia,2016,67888
Irituia,2017,37044
Irituia,2018,66974
Irituia,2019,67705
Irituia,2020,70848
Irituia,2021,72653
Irituia,2022,71979
Irituia,2023,78311
Itaituba,2008,267526
Itaituba,2009,270657
Itaituba,2010,309894
Itaituba,2011,325567
Itaituba,2012,337737
Itaituba,2013,360703
Itaituba,2014,344197
Itaituba,2015,331381
Itaituba,2016,328979
Itaituba,2017,368776
Itaituba,2018,343981
Itaituba,2019,316498
Itaituba,2020,325291
Itaituba,2021,342732
Itaituba,2022,387910
Itaituba,2023,402848
Itupiranga,2008,330700
Itupiranga,2009,350000
Itupiranga,2010,390000
Itupiranga,2011,378000
Itupiranga,2012,302000
Itupiranga,2013,315000
Itupiranga,2014,378000
Itupiranga,2015,562275
Itupiranga,2016,562280
Itupiranga,2017,584217
Itupiranga,2018,560182
Itupiranga,2019,616100
Itupiranga,2020,674630
Itupiranga,2021,703887
Itupiranga,2022,730000
Itupiranga,2023,728600
Jacareacanga,2008,26250
Jacareacanga,2009,27038
Jacareacanga,2010,12992
Jacareacanga,2011,12993
Jacareacanga,2012,15602
Jacareacanga,2013,16085
Jacareacanga,2014,15396
Jacareacanga,2015,14716
Jacareacanga,2016,14468
Jacareacanga,2017,80476
Jacareacanga,2018,81350
Jacareacanga,2019,80790
Jacareacanga,2020,81325
Jacareacanga,2021,82470
Jacareacanga,2022,25390
Jacareacanga,2023,95790
Jacundá,2008,145500
Jacundá,2009,158000
Jacundá,2010,163233
Jacundá,2011,170860
Jacundá,2012,198617
Jacundá,2013,178000
Jacundá,2014,186413
Jacundá,2015,171868
Jacundá,2016,172860
Jacundá,2017,172363
Jacundá,2018,167041
Jacundá,2019,176281
Jacundá,2020,186527
Jacundá,2021,184253
Jacundá,2022,192500
Jacundá,2023,182800
Juruti,2008,43254
Juruti,2009,37198
Juruti,2010,29758
Juruti,2011,30137
Juruti,2012,40996
Juruti,2013,21745
Juruti,2014,28441
Juruti,2015,27872
Juruti,2016,31486
Juruti,2017,40347
Juruti,2018,42608
Juruti,2019,41231
Juruti,2020,42437
Juruti,2021,43129
Juruti,2022,44501
Juruti,2023,49910
Limoeiro do Ajuru,2008,13
Limoeiro do Ajuru,2009,14
Limoeiro do Ajuru,2010,15
Limoeiro do Ajuru,2011,16
Limoeiro do Ajuru,2012,17
Limoeiro do Ajuru,2013,27
Limoeiro do Ajuru,2014,20
Limoeiro do Ajuru,2015,23
Limoeiro do Ajuru,2016,20
Limoeiro do Ajuru,2017,18
Limoeiro do Ajuru,2018,13
Limoeiro do Ajuru,2019,10
Limoeiro do Ajuru,2020,20
Limoeiro do Ajuru,2021,15
Limoeiro do Ajuru,2022,13
Limoeiro do Ajuru,2023,0
Magalhães Barata,2008,885
Magalhães Barata,2009,1178
Magalhães Barata,2010,739
Magalhães Barata,2011,881
Magalhães Barata,2012,931
Magalhães Barata,2013,1348
Magalhães Barata,2014,883
Magalhães Barata,2015,1009
Magalhães Barata,2016,766
Magalhães Barata,2017,827
Magalhães Barata,2018,1141
Magalhães Barata,2019,1291
Magalhães Barata,2020,832
Magalhães Barata,2021,1301
Magalhães Barata,2022,1862
Magalhães Barata,2023,1679
Marabá,2008,478100
Marabá,2009,510000
Marabá,2010,600000
Marabá,2011,675000
Marabá,2012,660000
Marabá,2013,705000
Marabá,2014,900000
Marabá,2015,1070400
Marabá,2016,1072999
Marabá,2017,1025124
Marabá,2018,1033749
Marabá,2019,1136100
Marabá,2020,1269700
Marabá,2021,1478450
Marabá,2022,1300000
Marabá,2023,1305000
Maracanã,2008,2791
Maracanã,2009,2849
Maracanã,2010,2596
Maracanã,2011,2691
Maracanã,2012,2816
Maracanã,2013,3306
Maracanã,2014,2768
Maracanã,2015,2650
Maracanã,2016,3276
Maracanã,2017,3800
Maracanã,2018,3974
Maracanã,2019,4045
Maracanã,2020,2665
Maracanã,2021,3934
Maracanã,2022,3407
Maracanã,2023,3622
Marapanim,2008,4100
Marapanim,2009,3346
Marapanim,2010,3115
Marapanim,2011,4539
Marapanim,2012,3991
Marapanim,2013,4430
Marapanim,2014,3784
Marapanim,2015,2800
Marapanim,2016,4251
Marapanim,2017,2000
Marapanim,2018,4475
Marapanim,2019,4614
Marapanim,2020,4383
Marapanim,2021,4826
Marapanim,2022,5520
Marapanim,2023,4808
Marituba,2008,200
Marituba,2009,218
Marituba,2010,220
Marituba,2011,230
Marituba,2012,460
Marituba,2013,535
Marituba,2014,140
Marituba,2015,386
Marituba,2016,266
Marituba,2017,245
Marituba,2018,136
Marituba,2019,120
Marituba,2020,45
Marituba,2021,48
Marituba,2022,54
Marituba,2023,58
Medicilândia,2008,135117
Medicilândia,2009,134380
Medicilândia,2010,103939
Medicilândia,2011,123212
Medicilândia,2012,133885
Medicilândia,2013,143371
Medicilândia,2014,152562
Medicilândia,2015,158768
Medicilândia,2016,165016
Medicilândia,2017,166100
Medicilândia,2018,147540
Medicilândia,2019,180562
Medicilândia,2020,185298
Medicilândia,2021,201281
Medicilândia,2022,218779
Medicilândia,2023,219535
Melgaço,2008,1574
Melgaço,2009,1612
Melgaço,2010,1620
Melgaço,2011,1580
Melgaço,2012,1630
Melgaço,2013,1820
Melgaço,2014,1834
Melgaço,2015,1882
Melgaço,2016,1850
Melgaço,2017,1794
Melgaço,2018,1624
Melgaço,2019,1710
Melgaço,2020,1210
Melgaço,2021,1150
Melgaço,2022,1020
Melgaço,2023,1150
Mocajuba,2008,3558
Mocajuba,2009,3735
Mocajuba,2010,3921
Mocajuba,2011,4117
Mocajuba,2012,2145
Mocajuba,2013,1548
Mocajuba,2014,1752
Mocajuba,2015,1384
Mocajuba,2016,1493
Mocajuba,2017,936
Mocajuba,2018,1169
Mocajuba,2019,1468
Mocajuba,2020,1382
Mocajuba,2021,824
Mocajuba,2022,3009
Mocajuba,2023,1201
Moju,2008,56431
Moju,2009,53781
Moju,2010,45700
Moju,2011,42500
Moju,2012,52084
Moju,2013,50000
Moju,2014,47000
Moju,2015,74300
Moju,2016,74368
Moju,2017,80756
Moju,2018,82096
Moju,2019,83000
Moju,2020,84000
Moju,2021,85000
Moju,2022,85500
Moju,2023,86000
Mojuí dos Campos,2008,0
Mojuí dos Campos,2009,0
Mojuí dos Campos,2010,0
Mojuí dos Campos,2011,0
Mojuí dos Campos,2012,0
Mojuí dos Campos,2013,1188
Mojuí dos Campos,2014,6852
Mojuí dos Campos,2015,9738
Mojuí dos Campos,2016,9986
Mojuí dos Campos,2017,11121
Mojuí dos Campos,2018,12895
Mojuí dos Campos,2019,13192
Mojuí dos Campos,2020,14856
Mojuí dos Campos,2021,17684
Mojuí dos Campos,2022,19601
Mojuí dos Campos,2023,23132
Monte Alegre,2008,191680
Monte Alegre,2009,191680
Monte Alegre,2010,186473
Monte Alegre,2011,192242
Monte Alegre,2012,205728
Monte Alegre,2013,214596
Monte Alegre,2014,219112
Monte Alegre,2015,221942
Monte Alegre,2016,214361
Monte Alegre,2017,236968
Monte Alegre,2018,244500
Monte Alegre,2019,259712
Monte Alegre,2020,266335
Monte Alegre,2021,281287
Monte Alegre,2022,281562
Monte Alegre,2023,312243
Muaná,2008,15000
Muaná,2009,15375
Muaná,2010,15451
Muaná,2011,15760
Muaná,2012,7097
Muaná,2013,7449
Muaná,2014,7389
Muaná,2015,7590
Muaná,2016,7350
Muaná,2017,6256
Muaná,2018,6859
Muaná,2019,6340
Muaná,2020,5880
Muaná,2021,6100
Muaná,2022,6450
Muaná,2023,6090
Mãe do Rio,2008,67856
Mãe do Rio,2009,67120
Mãe do Rio,2010,60702
Mãe do Rio,2011,54854
Mãe do Rio,2012,61588
Mãe do Rio,2013,61501
Mãe do Rio,2014,56010
Mãe do Rio,2015,52305
Mãe do Rio,2016,44512
Mãe do Rio,2017,52574
Mãe do Rio,2018,53183
Mãe do Rio,2019,59752
Mãe do Rio,2020,63332
Mãe do Rio,2021,45814
Mãe do Rio,2022,44214
Mãe do Rio,2023,45858
Nova Esperança do Piriá,2008,39198
Nova Esperança do Piriá,2009,39140
Nova Esperança do Piriá,2010,21294
Nova Esperança do Piriá,2011,23068
Nova Esperança do Piriá,2012,24829
Nova Esperança do Piriá,2013,25643
Nova Esperança do Piriá,2014,27323
Nova Esperança do Piriá,2015,28112
Nova Esperança do Piriá,2016,30100
Nova Esperança do Piriá,2017,28210
Nova Esperança do Piriá,2018,27953
Nova Esperança do Piriá,2019,44607
Nova Esperança do Piriá,2020,46676
Nova Esperança do Piriá,2021,60073
Nova Esperança do Piriá,2022,63576
Nova Esperança do Piriá,2023,62282
Nova Ipixuna,2008,76100
Nova Ipixuna,2009,80000
Nova Ipixuna,2010,83737
Nova Ipixuna,2011,89883
Nova Ipixuna,2012,76400
Nova Ipixuna,2013,80000
Nova Ipixuna,2014,84000
Nova Ipixuna,2015,90000
Nova Ipixuna,2016,108109
Nova Ipixuna,2017,115763
Nova Ipixuna,2018,106262
Nova Ipixuna,2019,112766
Nova Ipixuna,2020,124040
Nova Ipixuna,2021,136566
Nova Ipixuna,2022,135000
Nova Ipixuna,2023,132000
Nova Timboteua,2008,12035
Nova Timboteua,2009,14561
Nova Timboteua,2010,12273
Nova Timboteua,2011,13932
Nova Timboteua,2012,15364
Nova Timboteua,2013,17584
Nova Timboteua,2014,15982
Nova Timboteua,2015,15472
Nova Timboteua,2016,16039
Nova Timboteua,2017,15750
Nova Timboteua,2018,16738
Nova Timboteua,2019,17502
Nova Timboteua,2020,19715
Nova Timboteua,2021,24104
Nova Timboteua,2022,25833
Nova Timboteua,2023,23598
Novo Progresso,2008,412400
Novo Progresso,2009,763088
Novo Progresso,2010,636227
Novo Progresso,2011,680671
Novo Progresso,2012,687142
Novo Progresso,2013,632521
Novo Progresso,2014,590273
Novo Progresso,2015,567077
Novo Progresso,2016,579218
Novo Progresso,2017,618365
Novo Progresso,2018,618876
Novo Progresso,2019,625979
Novo Progresso,2020,632411
Novo Progresso,2021,642252
Novo Progresso,2022,728183
Novo Progresso,2023,764993
Novo Repartimento,2008,381628
Novo Repartimento,2009,400700
Novo Repartimento,2010,631504
Novo Repartimento,2011,663079
Novo Repartimento,2012,791795
Novo Repartimento,2013,855319
Novo Repartimento,2014,959056
Novo Repartimento,2015,930123
Novo Repartimento,2016,970262
Novo Repartimento,2017,900000
Novo Repartimento,2018,970837
Novo Repartimento,2019,884331
Novo Repartimento,2020,1073034
Novo Repartimento,2021,1155609
Novo Repartimento,2022,1300411
Novo Repartimento,2023,1275779
Oeiras do Pará,2008,5041
Oeiras do Pará,2009,5293
Oeiras do Pará,2010,5558
Oeiras do Pará,2011,5835
Oeiras do Pará,2012,720
Oeiras do Pará,2013,817
Oeiras do Pará,2014,516
Oeiras do Pará,2015,960
Oeiras do Pará,2016,1307
Oeiras do Pará,2017,1481
Oeiras do Pará,2018,829
Oeiras do Pará,2019,919
Oeiras do Pará,2020,1074
Oeiras do Pará,2021,4078
Oeiras do Pará,2022,5233
Oeiras do Pará,2023,6161
Oriximiná,2008,130485
Oriximiná,2009,139852
Oriximiná,2010,135156
Oriximiná,2011,125350
Oriximiná,2012,147748
Oriximiná,2013,159623
Oriximiná,2014,140549
Oriximiná,2015,141576
Oriximiná,2016,140340
Oriximiná,2017,148328
Oriximiná,2018,139429
Oriximiná,2019,125129
Oriximiná,2020,137337
Oriximiná,2021,131126
Oriximiná,2022,135479
Oriximiná,2023,135547
Ourilândia do Norte,2008,173569
Ourilândia do Norte,2009,158221
Ourilândia do Norte,2010,181515
Ourilândia do Norte,2011,191113
Ourilândia do Norte,2012,194935
Ourilândia do Norte,2013,187148
Ourilândia do Norte,2014,191441
Ourilândia do Norte,2015,181074
Ourilândia do Norte,2016,186959
Ourilândia do Norte,2017,204229
Ourilândia do Norte,2018,192522
Ourilândia do Norte,2019,205609
Ourilândia do Norte,2020,216981
Ourilândia do Norte,2021,226851
Ourilândia do Norte,2022,238006
Ourilândia do Norte,2023,241571
Ourém,2008,17135
Ourém,2009,18362
Ourém,2010,18514
Ourém,2011,18704
Ourém,2012,16248
Ourém,2013,16866
Ourém,2014,18012
Ourém,2015,18126
Ourém,2016,19026
Ourém,2017,17000
Ourém,2018,18188
Ourém,2019,15310
Ourém,2020,15723
Ourém,2021,18499
Ourém,2022,19978
Ourém,2023,18567
Pacajá,2008,370333
Pacajá,2009,415724
Pacajá,2010,400216
Pacajá,2011,358037
Pacajá,2012,432578
Pacajá,2013,492442
Pacajá,2014,536460
Pacajá,2015,573471
Pacajá,2016,585925
Pacajá,2017,643200
Pacajá,2018,620785
Pacajá,2019,559776
Pacajá,2020,698223
Pacajá,2021,733530
Pacajá,2022,813442
Pacajá,2023,859069
Palestina do Pará,2008,66500
Palestina do Pará,2009,55000
Palestina do Pará,2010,58770
Palestina do Pará,2011,65200
Palestina do Pará,2012,49000
Palestina do Pará,2013,45000
Palestina do Pará,2014,58000
Palestina do Pará,2015,63000
Palestina do Pará,2016,85368
Palestina do Pará,2017,52070
Palestina do Pará,2018,41801
Palestina do Pará,2019,94220
Palestina do Pará,2020,103960
Palestina do Pará,2021,109618
Palestina do Pará,2022,109450
Palestina do Pará,2023,108500
Paragominas,2008,418976
Paragominas,2009,335180
Paragominas,2010,315720
Paragominas,2011,292464
Paragominas,2012,320344
Paragominas,2013,347322
Paragominas,2014,348652
Paragominas,2015,342000
Paragominas,2016,302465
Paragominas,2017,301720
Paragominas,2018,276131
Paragominas,2019,318436
Paragominas,2020,357189
Paragominas,2021,367490
Paragominas,2022,383210
Paragominas,2023,375902
Parauapebas,2008,136800
Parauapebas,2009,182000
Parauapebas,2010,158000
Parauapebas,2011,141000
Parauapebas,2012,128000
Parauapebas,2013,119000
Parauapebas,2014,110000
Parauapebas,2015,105000
Parauapebas,2016,105729
Parauapebas,2017,119800
Parauapebas,2018,110642
Parauapebas,2019,119055
Parauapebas,2020,123460
Parauapebas,2021,134265
Parauapebas,2022,132950
Parauapebas,2023,130530
Pau D'Arco,2008,128865
Pau D'Arco,2009,135675
Pau D'Arco,2010,134906
Pau D'Arco,2011,129798
Pau D'Arco,2012,120991
Pau D'Arco,2013,122538
Pau D'Arco,2014,122883
Pau D'Arco,2015,125654
Pau D'Arco,2016,113717
Pau D'Arco,2017,114423
Pau D'Arco,2018,117555
Pau D'Arco,2019,103211
Pau D'Arco,2020,110541
Pau D'Arco,2021,115762
Pau D'Arco,2022,114105
Pau D'Arco,2023,112409
Peixe-Boi,2008,11694
Peixe-Boi,2009,12977
Peixe-Boi,2010,11384
Peixe-Boi,2011,12917
Peixe-Boi,2012,13870
Peixe-Boi,2013,14923
Peixe-Boi,2014,13673
Peixe-Boi,2015,13901
Peixe-Boi,2016,13703
Peixe-Boi,2017,15500
Peixe-Boi,2018,14475
Peixe-Boi,2019,12969
Peixe-Boi,2020,16637
Peixe-Boi,2021,16502
Peixe-Boi,2022,16271
Peixe-Boi,2023,17706
Piçarra,2008,259237
Piçarra,2009,281408
Piçarra,2010,307985
Piçarra,2011,338852
Piçarra,2012,350801
Piçarra,2013,338037
Piçarra,2014,347322
Piçarra,2015,369301
Piçarra,2016,378248
Piçarra,2017,396344
Piçarra,2018,382521
Piçarra,2019,376647
Piçarra,2020,387321
Piçarra,2021,407513
Piçarra,2022,420686
Piçarra,2023,398266
Placas,2008,87605
Placas,2009,90381
Placas,2010,90823
Placas,2011,72122
Placas,2012,102831
Placas,2013,116124
Placas,2014,127830
Placas,2015,132387
Placas,2016,135286
Placas,2017,140977
Placas,2018,140480
Placas,2019,146015
Placas,2020,155280
Placas,2021,165125
Placas,2022,176040
Placas,2023,206724
Ponta de Pedras,2008,40077
Ponta de Pedras,2009,40900
Ponta de Pedras,2010,41022
Ponta de Pedras,2011,41227
Ponta de Pedras,2012,35198
Ponta de Pedras,2013,56178
Ponta de Pedras,2014,46370
Ponta de Pedras,2015,42380
Ponta de Pedras,2016,43800
Ponta de Pedras,2017,39849
Ponta de Pedras,2018,34859
Ponta de Pedras,2019,36123
Ponta de Pedras,2020,34430
Ponta de Pedras,2021,36600
Ponta de Pedras,2022,35890
Ponta de Pedras,2023,35100
Portel,2008,11568
Portel,2009,10950
Portel,2010,11200
Portel,2011,10640
Portel,2012,10945
Portel,2013,10390
Portel,2014,10950
Portel,2015,14700
Portel,2016,15820
Portel,2017,15900
Portel,2018,15904
Portel,2019,18210
Portel,2020,21534
Portel,2021,38470
Portel,2022,54196
Portel,2023,101533
Porto de Moz,2008,48215
Porto de Moz,2009,51107
Porto de Moz,2010,53662
Porto de Moz,2011,56077
Porto de Moz,2012,57759
Porto de Moz,2013,20278
Porto de Moz,2014,50030
Porto de Moz,2015,46670
Porto de Moz,2016,51433
Porto de Moz,2017,52918
Porto de Moz,2018,46893
Porto de Moz,2019,46900
Porto de Moz,2020,56934
Porto de Moz,2021,68230
Porto de Moz,2022,56934
Porto de Moz,2023,70543
Prainha,2008,113821
Prainha,2009,115630
Prainha,2010,121412
Prainha,2011,127482
Prainha,2012,131306
Prainha,2013,114548
Prainha,2014,119353
Prainha,2015,110494
Prainha,2016,114728
Prainha,2017,123652
Prainha,2018,110253
Prainha,2019,110500
Prainha,2020,140686
Prainha,2021,155337
Prainha,2022,154900
Prainha,2023,155337
Primavera,2008,2505
Primavera,2009,3158
Primavera,2010,2878
Primavera,2011,2800
Primavera,2012,3520
Primavera,2013,3170
Primavera,2014,3070
Primavera,2015,2842
Primavera,2016,2629
Primavera,2017,2176
Primavera,2018,2500
Primavera,2019,2554
Primavera,2020,3097
Primavera,2021,3465
Primavera,2022,4283
Primavera,2023,5257
Quatipuru,2008,1583
Quatipuru,2009,1951
Quatipuru,2010,1006
Quatipuru,2011,862
Quatipuru,2012,1350
Quatipuru,2013,1268
Quatipuru,2014,1070
Quatipuru,2015,947
Quatipuru,2016,821
Quatipuru,2017,862
Quatipuru,2018,821
Quatipuru,2019,767
Quatipuru,2020,856
Quatipuru,2021,652
Quatipuru,2022,719
Quatipuru,2023,778
Redenção,2008,161725
Redenção,2009,183150
Redenção,2010,204296
Redenção,2011,223091
Redenção,2012,235413
Redenção,2013,257915
Redenção,2014,279554
Redenção,2015,294355
Redenção,2016,280700
Redenção,2017,280022
Redenção,2018,278547
Redenção,2019,289196
Redenção,2020,295411
Redenção,2021,323258
Redenção,2022,329153
Redenção,2023,315521
Rio Maria,2008,256328
Rio Maria,2009,274284
Rio Maria,2010,299016
Rio Maria,2011,335105
Rio Maria,2012,330730
Rio Maria,2013,332038
Rio Maria,2014,361260
Rio Maria,2015,361702
Rio Maria,2016,370700
Rio Maria,2017,394932
Rio Maria,2018,401361
Rio Maria,2019,421490
Rio Maria,2020,457862
Rio Maria,2021,501659
Rio Maria,2022,523041
Rio Maria,2023,515019
Rondon do Pará,2008,372146
Rondon do Pará,2009,371971
Rondon do Pará,2010,349871
Rondon do Pará,2011,340797
Rondon do Pará,2012,331120
Rondon do Pará,2013,347978
Rondon do Pará,2014,365086
Rondon do Pará,2015,363814
Rondon do Pará,2016,336254
Rondon do Pará,2017,340539
Rondon do Pará,2018,331090
Rondon do Pará,2019,329133
Rondon do Pará,2020,360559
Rondon do Pará,2021,357772
Rondon do Pará,2022,365000
Rondon do Pará,2023,374950
Rurópolis,2008,102000
Rurópolis,2009,112044
Rurópolis,2010,114000
Rurópolis,2011,116907
Rurópolis,2012,123990
Rurópolis,2013,136626
Rurópolis,2014,142087
Rurópolis,2015,145251
Rurópolis,2016,152471
Rurópolis,2017,159930
Rurópolis,2018,158534
Rurópolis,2019,164522
Rurópolis,2020,174365
Rurópolis,2021,181438
Rurópolis,2022,175512
Rurópolis,2023,196228
Salinópolis,2008,41
Salinópolis,2009,39
Salinópolis,2010,38
Salinópolis,2011,18
Salinópolis,2012,21
Salinópolis,2013,30
Salinópolis,2014,250
Salinópolis,2015,234
Salinópolis,2016,496
Salinópolis,2017,350
Salinópolis,2018,417
Salinópolis,2019,381
Salinópolis,2020,26
Salinópolis,2021,214
Salinópolis,2022,247
Salinópolis,2023,151
Salvaterra,2008,15706
Salvaterra,2009,15784
Salvaterra,2010,15862
Salvaterra,2011,15909
Salvaterra,2012,8412
Salvaterra,2013,8418
Salvaterra,2014,6890
Salvaterra,2015,6740
Salvaterra,2016,6100
Salvaterra,2017,5152
Salvaterra,2018,5845
Salvaterra,2019,6200
Salvaterra,2020,6190
Salvaterra,2021,6200
Salvaterra,2022,6890
Salvaterra,2023,7790
Santa Bárbara do Pará,2008,1000
Santa Bárbara do Pará,2009,1220
Santa Bárbara do Pará,2010,712
Santa Bárbara do Pará,2011,623
Santa Bárbara do Pará,2012,564
Santa Bárbara do Pará,2013,1403
Santa Bárbara do Pará,2014,805
Santa Bárbara do Pará,2015,1326
Santa Bárbara do Pará,2016,1200
Santa Bárbara do Pará,2017,1220
Santa Bárbara do Pará,2018,1060
Santa Bárbara do Pará,2019,881
Santa Bárbara do Pará,2020,732
Santa Bárbara do Pará,2021,1845
Santa Bárbara do Pará,2022,2293
Santa Bárbara do Pará,2023,3012
Santa Cruz do Arari,2008,33275
Santa Cruz do Arari,2009,35438
Santa Cruz do Arari,2010,35615
Santa Cruz do Arari,2011,36683
Santa Cruz do Arari,2012,23759
Santa Cruz do Arari,2013,26883
Santa Cruz do Arari,2014,27040
Santa Cruz do Arari,2015,26567
Santa Cruz do Arari,2016,23500
Santa Cruz do Arari,2017,18963
Santa Cruz do Arari,2018,22185
Santa Cruz do Arari,2019,25289
Santa Cruz do Arari,2020,25315
Santa Cruz do Arari,2021,22189
Santa Cruz do Arari,2022,25671
Santa Cruz do Arari,2023,27150
Santa Izabel do Pará,2008,14000
Santa Izabel do Pará,2009,17302
Santa Izabel do Pará,2010,18519
Santa Izabel do Pará,2011,17895
Santa Izabel do Pará,2012,16831
Santa Izabel do Pará,2013,20372
Santa Izabel do Pará,2014,15498
Santa Izabel do Pará,2015,17453
Santa Izabel do Pará,2016,19552
Santa Izabel do Pará,2017,23350
Santa Izabel do Pará,2018,20569
Santa Izabel do Pará,2019,18852
Santa Izabel do Pará,2020,21069
Santa Izabel do Pará,2021,19115
Santa Izabel do Pará,2022,23157
Santa Izabel do Pará,2023,30292
Santa Luzia do Pará,2008,81745
Santa Luzia do Pará,2009,78117
Santa Luzia do Pará,2010,68738
Santa Luzia do Pará,2011,67065
Santa Luzia do Pará,2012,70940
Santa Luzia do Pará,2013,75367
Santa Luzia do Pará,2014,74668
Santa Luzia do Pará,2015,73875
Santa Luzia do Pará,2016,73381
Santa Luzia do Pará,2017,68600
Santa Luzia do Pará,2018,72908
Santa Luzia do Pará,2019,68975
Santa Luzia do Pará,2020,76895
Santa Luzia do Pará,2021,74749
Santa Luzia do Pará,2022,80653
Santa Luzia do Pará,2023,75698
Santa Maria das Barreiras,2008,435332
Santa Maria das Barreiras,2009,432749
Santa Maria das Barreiras,2010,475231
Santa Maria das Barreiras,2011,516576
Santa Maria das Barreiras,2012,478639
Santa Maria das Barreiras,2013,498664
Santa Maria das Barreiras,2014,544541
Santa Maria das Barreiras,2015,597906
Santa Maria das Barreiras,2016,627470
Santa Maria das Barreiras,2017,619036
Santa Maria das Barreiras,2018,614686
Santa Maria das Barreiras,2019,608379
Santa Maria das Barreiras,2020,602445
Santa Maria das Barreiras,2021,631667
Santa Maria das Barreiras,2022,659480
Santa Maria das Barreiras,2023,632367
Santa Maria do Pará,2008,25156
Santa Maria do Pará,2009,13867
Santa Maria do Pará,2010,13214
Santa Maria do Pará,2011,14312
Santa Maria do Pará,2012,13589
Santa Maria do Pará,2013,15141
Santa Maria do Pará,2014,15524
Santa Maria do Pará,2015,15612
Santa Maria do Pará,2016,14658
Santa Maria do Pará,2017,8300
Santa Maria do Pará,2018,16408
Santa Maria do Pará,2019,16026
Santa Maria do Pará,2020,17717
Santa Maria do Pará,2021,20846
Santa Maria do Pará,2022,20950
Santa Maria do Pará,2023,22020
Santana do Araguaia,2008,485859
Santana do Araguaia,2009,505114
Santana do Araguaia,2010,545523
Santana do Araguaia,2011,594074
Santana do Araguaia,2012,613152
Santana do Araguaia,2013,663655
Santana do Araguaia,2014,613911
Santana do Araguaia,2015,564445
Santana do Araguaia,2016,566729
Santana do Araguaia,2017,551737
Santana do Araguaia,2018,558402
Santana do Araguaia,2019,498656
Santana do Araguaia,2020,551286
Santana do Araguaia,2021,612172
Santana do Araguaia,2022,611267
Santana do Araguaia,2023,621904
Santarém,2008,130613
Santarém,2009,116503
Santarém,2010,132008
Santarém,2011,118861
Santarém,2012,138911
Santarém,2013,129954
Santarém,2014,132300
Santarém,2015,115052
Santarém,2016,113620
Santarém,2017,118897
Santarém,2018,120537
Santarém,2019,118450
Santarém,2020,125943
Santarém,2021,128258
Santarém,2022,125237
Santarém,2023,128750
Santarém Novo,2008,4463
Santarém Novo,2009,4251
Santarém Novo,2010,3144
Santarém Novo,2011,3548
Santarém Novo,2012,3651
Santarém Novo,2013,3720
Santarém Novo,2014,4238
Santarém Novo,2015,3843
Santarém Novo,2016,3350
Santarém Novo,2017,3540
Santarém Novo,2018,4266
Santarém Novo,2019,2720
Santarém Novo,2020,4011
Santarém Novo,2021,3843
Santarém Novo,2022,4010
Santarém Novo,2023,3677
Santo Antônio do Tauá,2008,2270
Santo Antônio do Tauá,2009,5401
Santo Antônio do Tauá,2010,5361
Santo Antônio do Tauá,2011,5401
Santo Antônio do Tauá,2012,5411
Santo Antônio do Tauá,2013,6112
Santo Antônio do Tauá,2014,6579
Santo Antônio do Tauá,2015,4750
Santo Antônio do Tauá,2016,4470
Santo Antônio do Tauá,2017,61405
Santo Antônio do Tauá,2018,60630
Santo Antônio do Tauá,2019,56466
Santo Antônio do Tauá,2020,7748
Santo Antônio do Tauá,2021,6330
Santo Antônio do Tauá,2022,6025
Santo Antônio do Tauá,2023,6091
Sapucaia,2008,175341
Sapucaia,2009,176445
Sapucaia,2010,136323
Sapucaia,2011,128891
Sapucaia,2012,145035
Sapucaia,2013,125384
Sapucaia,2014,143140
Sapucaia,2015,152077
Sapucaia,2016,152654
Sapucaia,2017,156093
Sapucaia,2018,155754
Sapucaia,2019,163086
Sapucaia,2020,161094
Sapucaia,2021,165633
Sapucaia,2022,168984
Sapucaia,2023,182126
Senador José Porfírio,2008,48105
Senador José Porfírio,2009,52427
Senador José Porfírio,2010,44467
Senador José Porfírio,2011,57029
Senador José Porfírio,2012,64208
Senador José Porfírio,2013,68790
Senador José Porfírio,2014,70379
Senador José Porfírio,2015,73405
Senador José Porfírio,2016,71425
Senador José Porfírio,2017,70300
Senador José Porfírio,2018,79920
Senador José Porfírio,2019,80557
Senador José Porfírio,2020,97653
Senador José Porfírio,2021,116862
Senador José Porfírio,2022,137302
Senador José Porfírio,2023,168265
Soure,2008,30530
Soure,2009,30683
Soure,2010,30836
Soure,2011,31624
Soure,2012,34136
Soure,2013,53654
Soure,2014,36890
Soure,2015,39897
Soure,2016,36865
Soure,2017,35789
Soure,2018,36198
Soure,2019,35728
Soure,2020,36130
Soure,2021,39890
Soure,2022,38400
Soure,2023,38680
São Caetano de Odivelas,2008,470
São Caetano de Odivelas,2009,831
São Caetano de Odivelas,2010,750
São Caetano de Odivelas,2011,1454
São Caetano de Odivelas,2012,731
São Caetano de Odivelas,2013,1310
São Caetano de Odivelas,2014,1210
São Caetano de Odivelas,2015,1512
São Caetano de Odivelas,2016,919
São Caetano de Odivelas,2017,2228
São Caetano de Odivelas,2018,2292
São Caetano de Odivelas,2019,1896
São Caetano de Odivelas,2020,1551
São Caetano de Odivelas,2021,1959
São Caetano de Odivelas,2022,2228
São Caetano de Odivelas,2023,4276
São Domingos do Araguaia,2008,121200
São Domingos do Araguaia,2009,128000
São Domingos do Araguaia,2010,140000
São Domingos do Araguaia,2011,138000
São Domingos do Araguaia,2012,125000
São Domingos do Araguaia,2013,120000
São Domingos do Araguaia,2014,145000
São Domingos do Araguaia,2015,150000
São Domingos do Araguaia,2016,173736
São Domingos do Araguaia,2017,170220
São Domingos do Araguaia,2018,162368
São Domingos do Araguaia,2019,172623
São Domingos do Araguaia,2020,180390
São Domingos do Araguaia,2021,187678
São Domingos do Araguaia,2022,188000
São Domingos do Araguaia,2023,165000
São Domingos do Capim,2008,13715
São Domingos do Capim,2009,15568
São Domingos do Capim,2010,33950
São Domingos do Capim,2011,30555
São Domingos do Capim,2012,23133
São Domingos do Capim,2013,35118
São Domingos do Capim,2014,38636
São Domingos do Capim,2015,37750
São Domingos do Capim,2016,42543
São Domingos do Capim,2017,15637
São Domingos do Capim,2018,38932
São Domingos do Capim,2019,43838
São Domingos do Capim,2020,47861
São Domingos do Capim,2021,55062
São Domingos do Capim,2022,57432
São Domingos do Capim,2023,49977
São Francisco do Pará,2008,10077
São Francisco do Pará,2009,13375
São Francisco do Pará,2010,11767
São Francisco do Pará,2011,12110
São Francisco do Pará,2012,14258
São Francisco do Pará,2013,14406
São Francisco do Pará,2014,14705
São Francisco do Pará,2015,15227
São Francisco do Pará,2016,15573
São Francisco do Pará,2017,12611
São Francisco do Pará,2018,17562
São Francisco do Pará,2019,17433
São Francisco do Pará,2020,17374
São Francisco do Pará,2021,19277
São Francisco do Pará,2022,20251
São Francisco do Pará,2023,22104
São Félix do Xingu,2008,1812870
São Félix do Xingu,2009,1912009
São Félix do Xingu,2010,2022366
São Félix do Xingu,2011,2101726
São Félix do Xingu,2012,2143760
São Félix do Xingu,2013,2282445
São Félix do Xingu,2014,2213310
São Félix do Xingu,2015,2222949
São Félix do Xingu,2016,2200338
São Félix do Xingu,2017,2240496
São Félix do Xingu,2018,2256734
São Félix do Xingu,2019,2241537
São Félix do Xingu,2020,2361887
São Félix do Xingu,2021,2468764
São Félix do Xingu,2022,2522608
São Félix do Xingu,2023,2452095
São Geraldo do Araguaia,2008,292500
São Geraldo do Araguaia,2009,312000
São Geraldo do Araguaia,2010,330000
São Geraldo do Araguaia,2011,350000
São Geraldo do Araguaia,2012,355000
São Geraldo do Araguaia,2013,350000
São Geraldo do Araguaia,2014,395000
São Geraldo do Araguaia,2015,375000
São Geraldo do Araguaia,2016,389309
São Geraldo do Araguaia,2017,398801
São Geraldo do Araguaia,2018,353876
São Geraldo do Araguaia,2019,379623
São Geraldo do Araguaia,2020,376712
São Geraldo do Araguaia,2021,385545
São Geraldo do Araguaia,2022,405000
São Geraldo do Araguaia,2023,382500
São João da Ponta,2008,9348
São João da Ponta,2009,953
São João da Ponta,2010,897
São João da Ponta,2011,654
São João da Ponta,2012,564
São João da Ponta,2013,654
São João da Ponta,2014,541
São João da Ponta,2015,685
São João da Ponta,2016,1632
São João da Ponta,2017,829
São João da Ponta,2018,901
São João da Ponta,2019,957
São João da Ponta,2020,913
São João da Ponta,2021,1332
São João da Ponta,2022,1454
São João da Ponta,2023,1293
São João de Pirabas,2008,4315
São João de Pirabas,2009,3139
São João de Pirabas,2010,2995
São João de Pirabas,2011,1878
São João de Pirabas,2012,1895
São João de Pirabas,2013,2502
São João de Pirabas,2014,3703
São João de Pirabas,2015,3858
São João de Pirabas,2016,4645
São João de Pirabas,2017,4000
São João de Pirabas,2018,3312
São João de Pirabas,2019,3408
São João de Pirabas,2020,4341
São João de Pirabas,2021,5641
São João de Pirabas,2022,5359
São João de Pirabas,2023,5504
São João do Araguaia,2008,55400
São João do Araguaia,2009,58000
São João do Araguaia,2010,59500
São João do Araguaia,2011,60600
São João do Araguaia,2012,51500
São João do Araguaia,2013,49500
São João do Araguaia,2014,52000
São João do Araguaia,2015,56500
São João do Araguaia,2016,78438
São João do Araguaia,2017,93084
São João do Araguaia,2018,80304
São João do Araguaia,2019,88100
São João do Araguaia,2020,105280
São João do Araguaia,2021,131830
São João do Araguaia,2022,130550
São João do Araguaia,2023,120600
São Miguel do Guamá,2008,27156
São Miguel do Guamá,2009,37012
São Miguel do Guamá,2010,36800
São Miguel do Guamá,2011,36200
São Miguel do Guamá,2012,37319
São Miguel do Guamá,2013,38834
São Miguel do Guamá,2014,41430
São Miguel do Guamá,2015,45400
São Miguel do Guamá,2016,42543
São Miguel do Guamá,2017,28085
São Miguel do Guamá,2018,43702
São Miguel do Guamá,2019,40166
São Miguel do Guamá,2020,37365
São Miguel do Guamá,2021,41610
São Miguel do Guamá,2022,46400
São Miguel do Guamá,2023,43335
São Sebastião da Boa Vista,2008,0
São Sebastião da Boa Vista,2009,101
São Sebastião da Boa Vista,2010,111
São Sebastião da Boa Vista,2011,98
São Sebastião da Boa Vista,2012,98
São Sebastião da Boa Vista,2013,90
São Sebastião da Boa Vista,2014,93
São Sebastião da Boa Vista,2015,79
São Sebastião da Boa Vista,2016,70
São Sebastião da Boa Vista,2017,69
São Sebastião da Boa Vista,2018,56
São Sebastião da Boa Vista,2019,49
São Sebastião da Boa Vista,2020,54
São Sebastião da Boa Vista,2021,50
São Sebastião da Boa Vista,2022,70
São Sebastião da Boa Vista,2023,200
Tailândia,2008,93863
Tailândia,2009,89929
Tailândia,2010,80354
Tailândia,2011,83824
Tailândia,2012,83470
Tailândia,2013,63
Tailândia,2014,80804
Tailândia,2015,74987
Tailândia,2016,83175
Tailândia,2017,78683
Tailândia,2018,79557
Tailândia,2019,85986
Tailândia,2020,86100
Tailândia,2021,86300
Tailândia,2022,86500
Tailândia,2023,87000
Terra Alta,2008,5390
Terra Alta,2009,4102
Terra Alta,2010,3768
Terra Alta,2011,3816
Terra Alta,2012,3039
Terra Alta,2013,4311
Terra Alta,2014,4838
Terra Alta,2015,4912
Terra Alta,2016,4284
Terra Alta,2017,2056
Terra Alta,2018,3390
Terra Alta,2019,3212
Terra Alta,2020,4548
Terra Alta,2021,4615
Terra Alta,2022,5641
Terra Alta,2023,6236
Terra Santa,2008,47178
Terra Santa,2009,39157
Terra Santa,2010,38373
Terra Santa,2011,25000
Terra Santa,2012,27325
Terra Santa,2013,36672
Terra Santa,2014,35419
Terra Santa,2015,30133
Terra Santa,2016,33442
Terra Santa,2017,36177
Terra Santa,2018,29557
Terra Santa,2019,28466
Terra Santa,2020,29341
Terra Santa,2021,32706
Terra Santa,2022,33500
Terra Santa,2023,36730
Tomé-Açu,2008,165000
Tomé-Açu,2009,110080
Tomé-Açu,2010,116021
Tomé-Açu,2011,108214
Tomé-Açu,2012,110739
Tomé-Açu,2013,94385
Tomé-Açu,2014,99782
Tomé-Açu,2015,100550
Tomé-Açu,2016,101641
Tomé-Açu,2017,95471
Tomé-Açu,2018,99534
Tomé-Açu,2019,105335
Tomé-Açu,2020,116686
Tomé-Açu,2021,126689
Tomé-Açu,2022,136667
Tomé-Açu,2023,149710
Tracuateua,2008,25199
Tracuateua,2009,10845
Tracuateua,2010,10330
Tracuateua,2011,10489
Tracuateua,2012,11169
Tracuateua,2013,11308
Tracuateua,2014,11323
Tracuateua,2015,10086
Tracuateua,2016,10186
Tracuateua,2017,10201
Tracuateua,2018,10064
Tracuateua,2019,9635
Tracuateua,2020,12740
Tracuateua,2021,15114
Tracuateua,2022,14117
Tracuateua,2023,15299
Trairão,2008,46972
Trairão,2009,65262
Trairão,2010,77972
Trairão,2011,86865
Trairão,2012,86478
Trairão,2013,96839
Trairão,2014,96562
Trairão,2015,95934
Trairão,2016,102281
Trairão,2017,108399
Trairão,2018,106543
Trairão,2019,111577
Trairão,2020,114508
Trairão,2021,122795
Trairão,2022,162817
Trairão,2023,164823
Tucumã,2008,291651
Tucumã,2009,284979
Tucumã,2010,268172
Tucumã,2011,274254
Tucumã,2012,282481
Tucumã,2013,282064
Tucumã,2014,283818
Tucumã,2015,284593
Tucumã,2016,305524
Tucumã,2017,329551
Tucumã,2018,332269
Tucumã,2019,326499
Tucumã,2020,336241
Tucumã,2021,342708
Tucumã,2022,363238
Tucumã,2023,375584
Tucuruí,2008,69070
Tucuruí,2009,72523
Tucuruí,2010,76149
Tucuruí,2011,56194
Tucuruí,2012,56541
Tucuruí,2013,63700
Tucuruí,2014,65525
Tucuruí,2015,69798
Tucuruí,2016,71527
Tucuruí,2017,70820
Tucuruí,2018,72657
Tucuruí,2019,68149
Tucuruí,2020,80683
Tucuruí,2021,81313
Tucuruí,2022,87897
Tucuruí,2023,83771
Ulianópolis,2008,99457
Ulianópolis,2009,94506
Ulianópolis,2010,76489
Ulianópolis,2011,65008
Ulianópolis,2012,70913
Ulianópolis,2013,68468
Ulianópolis,2014,69042
Ulianópolis,2015,67508
Ulianópolis,2016,63731
Ulianópolis,2017,59758
Ulianópolis,2018,54318
Ulianópolis,2019,64093
Ulianópolis,2020,69475
Ulianópolis,2021,79975
Ulianópolis,2022,89547
Ulianópolis,2023,89850
Uruará,2008,291868
Uruará,2009,297341
Uruará,2010,290513
Uruará,2011,288172
Uruará,2012,298960
Uruará,2013,308125
Uruará,2014,313523
Uruará,2015,310109
Uruará,2016,280603
Uruará,2017,205800
Uruará,2018,271258
Uruará,2019,305929
Uruará,2020,317843
Uruará,2021,340906
Uruará,2022,372986
Uruará,2023,382100
Vigia,2008,3750
Vigia,2009,3265
Vigia,2010,475
Vigia,2011,4075
Vigia,2012,2324
Vigia,2013,4102
Vigia,2014,4034
Vigia,2015,3210
Vigia,2016,3340
Vigia,2017,4187
Vigia,2018,3886
Vigia,2019,4134
Vigia,2020,3827
Vigia,2021,3541
Vigia,2022,4820
Vigia,2023,267
Viseu,2008,85149
Viseu,2009,83374
Viseu,2010,84057
Viseu,2011,88966
Viseu,2012,95401
Viseu,2013,88555
Viseu,2014,88074
Viseu,2015,75429
Viseu,2016,91526
Viseu,2017,92491
Viseu,2018,93293
Viseu,2019,89076
Viseu,2020,100689
Viseu,2021,117992
Viseu,2022,124559
Viseu,2023,124697
Vitória do Xingu,2008,193924
Vitória do Xingu,2009,195155
Vitória do Xingu,2010,169964
Vitória do Xingu,2011,152217
Vitória do Xingu,2012,175376
Vitória do Xingu,2013,166290
Vitória do Xingu,2014,156564
Vitória do Xingu,2015,146937
Vitória do Xingu,2016,135543
Vitória do Xingu,2017,121600
Vitória do Xingu,2018,122015
Vitória do Xingu,2019,153683
Vitória do Xingu,2020,168376
Vitória do Xingu,2021,185946
Vitória do Xingu,2022,191675
Vitória do Xingu,2023,192052
Xinguara,2008,477657
Xinguara,2009,468619
Xinguara,2010,482518
Xinguara,2011,513335
Xinguara,2012,489645
Xinguara,2013,483189
Xinguara,2014,492104
Xinguara,2015,515987
Xinguara,2016,507292
Xinguara,2017,530118
Xinguara,2018,500770
Xinguara,2019,456513
Xinguara,2020,507311
Xinguara,2021,546029
Xinguara,2022,539090
Xinguara,2023,504374
Água Azul do Norte,2008,436678
Água Azul do Norte,2009,453885
Água Azul do Norte,2010,564356
Água Azul do Norte,2011,545819
Água Azul do Norte,2012,556735
Água Azul do Norte,2013,564582
Água Azul do Norte,2014,585400
Água Azul do Norte,2015,590693
Água Azul do Norte,2016,620683
Água Azul do Norte,2017,643946
Água Azul do Norte,2018,651004
Água Azul do Norte,2019,660474
Água Azul do Norte,2020,662809
Água Azul do Norte,2021,688758
Água Azul do Norte,2022,712897
Água Azul do Norte,2023,694455
Óbidos,2008,125428
Óbidos,2009,113090
Óbidos,2010,120713
Óbidos,2011,127269
Óbidos,2012,127687
Óbidos,2013,127269
Óbidos,2014,129823
Óbidos,2015,133551
Óbidos,2016,133989
Óbidos,2017,143462
Óbidos,2018,143128
Óbidos,2019,143068
Óbidos,2020,149900
Óbidos,2021,160052
Óbidos,2022,172430
Óbidos,2023,180010
