municipio,Ano,focos
ABAETETUBA,2008,194
ABAETETUBA,2009,190
ABAETETUBA,2010,162
ABAETETUBA,2011,130
ABAETETUBA,2012,153
ABAETETUBA,2013,169
ABAETETUBA,2014,121
ABAETETUBA,2015,128
ABAETETUBA,2016,166
ABAETETUBA,2017,168
ABAETETUBA,2018,75
ABAETETUBA,2019,71
ABAETETUBA,2020,106
ABAETETUBA,2021,55
ABAETETUBA,2022,72
ABAETETUBA,2023,97
ABAETETUBA,2024,71
ABEL FIGUEIREDO,2008,35
ABEL FIGUEIREDO,2009,29
ABEL FIGUEIREDO,2010,32
ABEL FIGUEIREDO,2011,26
ABEL FIGUEIREDO,2012,35
ABEL FIGUEIREDO,2013,8
ABEL FIGUEIREDO,2014,60
ABEL FIGUEIREDO,2015,35
ABEL FIGUEIREDO,2016,20
ABEL FIGUEIREDO,2017,32
ABEL FIGUEIREDO,2018,31
ABEL FIGUEIREDO,2019,29
ABEL FIGUEIREDO,2020,33
ABEL FIGUEIREDO,2021,22
ABEL FIGUEIREDO,2022,33
ABEL FIGUEIREDO,2023,44
ABEL FIGUEIREDO,2024,38
ACARÁ,2008,974
ACARÁ,2009,957
ACARÁ,2010,869
ACARÁ,2011,612
ACARÁ,2012,738
ACARÁ,2013,634
ACARÁ,2014,539
ACARÁ,2015,639
ACARÁ,2016,752
ACARÁ,2017,761
ACARÁ,2018,441
ACARÁ,2019,402
ACARÁ,2020,591
ACARÁ,2021,328
ACARÁ,2022,441
ACARÁ,2023,749
ACARÁ,2024,666
AFUÁ,2008,9
AFUÁ,2009,8
AFUÁ,2010,4
AFUÁ,2011,7
AFUÁ,2012,10
AFUÁ,2013,3
AFUÁ,2014,4
AFUÁ,2015,19
AFUÁ,2016,16
AFUÁ,2017,13
AFUÁ,2018,5
AFUÁ,2019,1
AFUÁ,2020,6
AFUÁ,2021,1
AFUÁ,2023,13
AFUÁ,2024,49
ALENQUER,2008,399
ALENQUER,2009,703
ALENQUER,2010,291
ALENQUER,2011,303
ALENQUER,2012,497
ALENQUER,2013,396
ALENQUER,2014,536
ALENQUER,2015,705
ALENQUER,2016,515
ALENQUER,2017,592
ALENQUER,2018,276
ALENQUER,2019,279
ALENQUER,2020,313
ALENQUER,2021,223
ALENQUER,2022,327
ALENQUER,2023,787
ALENQUER,2024,479
ALMEIRIM,2008,390
ALMEIRIM,2009,473
ALMEIRIM,2010,298
ALMEIRIM,2011,315
ALMEIRIM,2012,297
ALMEIRIM,2013,244
ALMEIRIM,2014,381
ALMEIRIM,2015,565
ALMEIRIM,2016,451
ALMEIRIM,2017,481
ALMEIRIM,2018,183
ALMEIRIM,2019,236
ALMEIRIM,2020,136
ALMEIRIM,2021,189
ALMEIRIM,2022,291
ALMEIRIM,2023,658
ALMEIRIM,2024,715
ALTAMIRA,2008,2675
ALTAMIRA,2009,1937
ALTAMIRA,2010,3781
ALTAMIRA,2011,1448
ALTAMIRA,2012,2884
ALTAMIRA,2013,947
ALTAMIRA,2014,2616
ALTAMIRA,2015,3036
ALTAMIRA,2016,1951
ALTAMIRA,2017,4502
ALTAMIRA,2018,1803
ALTAMIRA,2019,3803
ALTAMIRA,2020,4865
ALTAMIRA,2021,2934
ALTAMIRA,2022,5041
ALTAMIRA,2023,3553
ALTAMIRA,2024,5996
ANAJÁS,2008,7
ANAJÁS,2009,41
ANAJÁS,2010,8
ANAJÁS,2011,11
ANAJÁS,2012,20
ANAJÁS,2013,9
ANAJÁS,2014,5
ANAJÁS,2015,73
ANAJÁS,2016,38
ANAJÁS,2017,14
ANAJÁS,2018,6
ANAJÁS,2019,9
ANAJÁS,2020,7
ANAJÁS,2021,1
ANAJÁS,2022,2
ANAJÁS,2023,6
ANAJÁS,2024,22
ANANINDEUA,2008,3
ANANINDEUA,2009,1
ANANINDEUA,2011,1
ANANINDEUA,2014,1
ANANINDEUA,2015,1
ANANINDEUA,2017,1
ANANINDEUA,2020,1
ANANINDEUA,2023,1
ANAPU,2008,476
ANAPU,2009,655
ANAPU,2010,455
ANAPU,2011,291
ANAPU,2012,324
ANAPU,2013,195
ANAPU,2014,477
ANAPU,2015,568
ANAPU,2016,402
ANAPU,2017,584
ANAPU,2018,473
ANAPU,2019,380
ANAPU,2020,459
ANAPU,2021,346
ANAPU,2022,678
ANAPU,2023,837
ANAPU,2024,596
AUGUSTO CORRÊA,2008,142
AUGUSTO CORRÊA,2009,36
AUGUSTO CORRÊA,2010,90
AUGUSTO CORRÊA,2011,47
AUGUSTO CORRÊA,2012,72
AUGUSTO CORRÊA,2013,68
AUGUSTO CORRÊA,2014,54
AUGUSTO CORRÊA,2015,35
AUGUSTO CORRÊA,2016,62
AUGUSTO CORRÊA,2017,45
AUGUSTO CORRÊA,2018,18
AUGUSTO CORRÊA,2019,42
AUGUSTO CORRÊA,2020,44
AUGUSTO CORRÊA,2021,54
AUGUSTO CORRÊA,2022,83
AUGUSTO CORRÊA,2023,87
AUGUSTO CORRÊA,2024,65
AURORA DO PARÁ,2008,227
AURORA DO PARÁ,2009,267
AURORA DO PARÁ,2010,203
AURORA DO PARÁ,2011,159
AURORA DO PARÁ,2012,174
AURORA DO PARÁ,2013,164
AURORA DO PARÁ,2014,153
AURORA DO PARÁ,2015,148
AURORA DO PARÁ,2016,89
AURORA DO PARÁ,2017,123
AURORA DO PARÁ,2018,49
AURORA DO PARÁ,2019,73
AURORA DO PARÁ,2020,116
AURORA DO PARÁ,2021,100
AURORA DO PARÁ,2022,108
AURORA DO PARÁ,2023,128
AURORA DO PARÁ,2024,173
AVEIRO,2008,287
AVEIRO,2009,683
AVEIRO,2010,245
AVEIRO,2011,346
AVEIRO,2012,386
AVEIRO,2013,305
AVEIRO,2014,405
AVEIRO,2015,570
AVEIRO,2016,277
AVEIRO,2017,523
AVEIRO,2018,341
AVEIRO,2019,323
AVEIRO,2020,523
AVEIRO,2021,249
AVEIRO,2022,457
AVEIRO,2023,765
AVEIRO,2024,559
BAGRE,2008,84
BAGRE,2009,131
BAGRE,2010,26
BAGRE,2011,17
BAGRE,2012,76
BAGRE,2013,74
BAGRE,2014,53
BAGRE,2015,91
BAGRE,2016,112
BAGRE,2017,138
BAGRE,2018,42
BAGRE,2019,75
BAGRE,2020,99
BAGRE,2021,24
BAGRE,2022,75
BAGRE,2023,166
BAGRE,2024,177
BAIÃO,2008,270
BAIÃO,2009,295
BAIÃO,2010,194
BAIÃO,2011,143
BAIÃO,2012,200
BAIÃO,2013,187
BAIÃO,2014,206
BAIÃO,2015,221
BAIÃO,2016,149
BAIÃO,2017,206
BAIÃO,2018,174
BAIÃO,2019,135
BAIÃO,2020,135
BAIÃO,2021,101
BAIÃO,2022,177
BAIÃO,2023,332
BAIÃO,2024,256
BANNACH,2008,275
BANNACH,2009,105
BANNACH,2010,506
BANNACH,2011,69
BANNACH,2012,104
BANNACH,2013,109
BANNACH,2014,220
BANNACH,2015,164
BANNACH,2016,96
BANNACH,2017,251
BANNACH,2018,49
BANNACH,2019,39
BANNACH,2020,176
BANNACH,2021,30
BANNACH,2022,151
BANNACH,2023,24
BANNACH,2024,189
BARCARENA,2008,93
BARCARENA,2009,91
BARCARENA,2010,74
BARCARENA,2011,74
BARCARENA,2012,91
BARCARENA,2013,67
BARCARENA,2014,61
BARCARENA,2015,75
BARCARENA,2016,83
BARCARENA,2017,89
BARCARENA,2018,36
BARCARENA,2019,24
BARCARENA,2020,47
BARCARENA,2021,15
BARCARENA,2022,36
BARCARENA,2023,59
BARCARENA,2024,42
BELTERRA,2008,115
BELTERRA,2009,156
BELTERRA,2010,78
BELTERRA,2011,74
BELTERRA,2012,92
BELTERRA,2013,99
BELTERRA,2014,154
BELTERRA,2015,136
BELTERRA,2016,81
BELTERRA,2017,136
BELTERRA,2018,73
BELTERRA,2019,68
BELTERRA,2020,83
BELTERRA,2021,54
BELTERRA,2022,82
BELTERRA,2023,165
BELTERRA,2024,58
BELÉM,2008,7
BELÉM,2009,13
BELÉM,2010,5
BELÉM,2011,4
BELÉM,2012,8
BELÉM,2014,4
BELÉM,2015,9
BELÉM,2016,2
BELÉM,2017,2
BELÉM,2018,5
BELÉM,2019,3
BELÉM,2020,2
BELÉM,2022,3
BELÉM,2023,6
BELÉM,2024,9
BENEVIDES,2008,6
BENEVIDES,2009,4
BENEVIDES,2010,5
BENEVIDES,2011,1
BENEVIDES,2012,1
BENEVIDES,2013,4
BENEVIDES,2014,1
BENEVIDES,2015,1
BENEVIDES,2016,9
BENEVIDES,2017,4
BENEVIDES,2019,1
BENEVIDES,2020,1
BENEVIDES,2022,1
BENEVIDES,2023,1
BOM JESUS DO TOCANTINS,2008,138
BOM JESUS DO TOCANTINS,2009,77
BOM JESUS DO TOCANTINS,2010,93
BOM JESUS DO TOCANTINS,2011,113
BOM JESUS DO TOCANTINS,2012,88
BOM JESUS DO TOCANTINS,2013,64
BOM JESUS DO TOCANTINS,2014,109
BOM JESUS DO TOCANTINS,2015,76
BOM JESUS DO TOCANTINS,2016,58
BOM JESUS DO TOCANTINS,2017,64
BOM JESUS DO TOCANTINS,2018,51
BOM JESUS DO TOCANTINS,2019,48
BOM JESUS DO TOCANTINS,2020,109
BOM JESUS DO TOCANTINS,2021,46
BOM JESUS DO TOCANTINS,2022,90
BOM JESUS DO TOCANTINS,2023,62
BOM JESUS DO TOCANTINS,2024,95
BONITO,2008,67
BONITO,2009,67
BONITO,2010,76
BONITO,2011,60
BONITO,2012,71
BONITO,2013,54
BONITO,2014,37
BONITO,2015,29
BONITO,2016,33
BONITO,2017,41
BONITO,2018,17
BONITO,2019,24
BONITO,2020,22
BONITO,2021,12
BONITO,2022,37
BONITO,2023,54
BONITO,2024,39
BRAGANÇA,2008,187
BRAGANÇA,2009,143
BRAGANÇA,2010,153
BRAGANÇA,2011,110
BRAGANÇA,2012,144
BRAGANÇA,2013,133
BRAGANÇA,2014,106
BRAGANÇA,2015,107
BRAGANÇA,2016,97
BRAGANÇA,2017,126
BRAGANÇA,2018,33
BRAGANÇA,2019,97
BRAGANÇA,2020,92
BRAGANÇA,2021,92
BRAGANÇA,2022,118
BRAGANÇA,2023,148
BRAGANÇA,2024,131
BRASIL NOVO,2008,133
BRASIL NOVO,2009,288
BRASIL NOVO,2010,195
BRASIL NOVO,2011,284
BRASIL NOVO,2012,203
BRASIL NOVO,2013,182
BRASIL NOVO,2014,165
BRASIL NOVO,2015,184
BRASIL NOVO,2016,132
BRASIL NOVO,2017,167
BRASIL NOVO,2018,119
BRASIL NOVO,2019,96
BRASIL NOVO,2020,132
BRASIL NOVO,2021,55
BRASIL NOVO,2022,100
BRASIL NOVO,2023,118
BRASIL NOVO,2024,70
BREJO GRANDE DO ARAGUAIA,2008,51
BREJO GRANDE DO ARAGUAIA,2009,34
BREJO GRANDE DO ARAGUAIA,2010,47
BREJO GRANDE DO ARAGUAIA,2011,20
BREJO GRANDE DO ARAGUAIA,2012,30
BREJO GRANDE DO ARAGUAIA,2013,25
BREJO GRANDE DO ARAGUAIA,2014,63
BREJO GRANDE DO ARAGUAIA,2015,44
BREJO GRANDE DO ARAGUAIA,2016,17
BREJO GRANDE DO ARAGUAIA,2017,46
BREJO GRANDE DO ARAGUAIA,2018,13
BREJO GRANDE DO ARAGUAIA,2019,11
BREJO GRANDE DO ARAGUAIA,2020,12
BREJO GRANDE DO ARAGUAIA,2021,8
BREJO GRANDE DO ARAGUAIA,2022,18
BREJO GRANDE DO ARAGUAIA,2023,20
BREJO GRANDE DO ARAGUAIA,2024,13
BREU BRANCO,2008,285
BREU BRANCO,2009,319
BREU BRANCO,2010,122
BREU BRANCO,2011,178
BREU BRANCO,2012,149
BREU BRANCO,2013,116
BREU BRANCO,2014,164
BREU BRANCO,2015,161
BREU BRANCO,2016,87
BREU BRANCO,2017,120
BREU BRANCO,2018,72
BREU BRANCO,2019,81
BREU BRANCO,2020,129
BREU BRANCO,2021,79
BREU BRANCO,2022,158
BREU BRANCO,2023,113
BREU BRANCO,2024,164
BREVES,2008,124
BREVES,2009,128
BREVES,2010,118
BREVES,2011,92
BREVES,2012,96
BREVES,2013,162
BREVES,2014,73
BREVES,2015,126
BREVES,2016,193
BREVES,2017,214
BREVES,2018,105
BREVES,2019,78
BREVES,2020,150
BREVES,2021,44
BREVES,2022,124
BREVES,2023,145
BREVES,2024,78
BUJARU,2008,347
BUJARU,2009,291
BUJARU,2010,266
BUJARU,2011,218
BUJARU,2012,259
BUJARU,2013,230
BUJARU,2014,205
BUJARU,2015,178
BUJARU,2016,176
BUJARU,2017,216
BUJARU,2018,114
BUJARU,2019,109
BUJARU,2020,113
BUJARU,2021,75
BUJARU,2022,129
BUJARU,2023,137
BUJARU,2024,113
CACHOEIRA DO ARARI,2008,84
CACHOEIRA DO ARARI,2009,86
CACHOEIRA DO ARARI,2010,47
CACHOEIRA DO ARARI,2011,110
CACHOEIRA DO ARARI,2012,102
CACHOEIRA DO ARARI,2013,56
CACHOEIRA DO ARARI,2014,124
CACHOEIRA DO ARARI,2015,107
CACHOEIRA DO ARARI,2016,64
CACHOEIRA DO ARARI,2017,63
CACHOEIRA DO ARARI,2018,63
CACHOEIRA DO ARARI,2019,75
CACHOEIRA DO ARARI,2020,59
CACHOEIRA DO ARARI,2021,30
CACHOEIRA DO ARARI,2022,63
CACHOEIRA DO ARARI,2023,76
CACHOEIRA DO ARARI,2024,71
CACHOEIRA DO PIRIÁ,2008,337
CACHOEIRA DO PIRIÁ,2009,366
CACHOEIRA DO PIRIÁ,2010,151
CACHOEIRA DO PIRIÁ,2011,257
CACHOEIRA DO PIRIÁ,2012,221
CACHOEIRA DO PIRIÁ,2013,166
CACHOEIRA DO PIRIÁ,2014,194
CACHOEIRA DO PIRIÁ,2015,301
CACHOEIRA DO PIRIÁ,2016,120
CACHOEIRA DO PIRIÁ,2017,216
CACHOEIRA DO PIRIÁ,2018,71
CACHOEIRA DO PIRIÁ,2019,112
CACHOEIRA DO PIRIÁ,2020,133
CACHOEIRA DO PIRIÁ,2021,80
CACHOEIRA DO PIRIÁ,2022,131
CACHOEIRA DO PIRIÁ,2023,234
CACHOEIRA DO PIRIÁ,2024,263
CAMETÁ,2008,522
CAMETÁ,2009,328
CAMETÁ,2010,285
CAMETÁ,2011,242
CAMETÁ,2012,342
CAMETÁ,2013,345
CAMETÁ,2014,281
CAMETÁ,2015,339
CAMETÁ,2016,391
CAMETÁ,2017,443
CAMETÁ,2018,175
CAMETÁ,2019,194
CAMETÁ,2020,271
CAMETÁ,2021,156
CAMETÁ,2022,292
CAMETÁ,2023,506
CAMETÁ,2024,344
CANAÃ DOS CARAJÁS,2008,52
CANAÃ DOS CARAJÁS,2009,24
CANAÃ DOS CARAJÁS,2010,112
CANAÃ DOS CARAJÁS,2011,47
CANAÃ DOS CARAJÁS,2012,66
CANAÃ DOS CARAJÁS,2013,28
CANAÃ DOS CARAJÁS,2014,72
CANAÃ DOS CARAJÁS,2015,122
CANAÃ DOS CARAJÁS,2016,154
CANAÃ DOS CARAJÁS,2017,197
CANAÃ DOS CARAJÁS,2018,18
CANAÃ DOS CARAJÁS,2019,82
CANAÃ DOS CARAJÁS,2020,49
CANAÃ DOS CARAJÁS,2021,37
CANAÃ DOS CARAJÁS,2022,39
CANAÃ DOS CARAJÁS,2023,11
CANAÃ DOS CARAJÁS,2024,78
CAPANEMA,2008,43
CAPANEMA,2009,30
CAPANEMA,2010,49
CAPANEMA,2011,22
CAPANEMA,2012,28
CAPANEMA,2013,19
CAPANEMA,2014,19
CAPANEMA,2015,34
CAPANEMA,2016,30
CAPANEMA,2017,20
CAPANEMA,2018,6
CAPANEMA,2019,19
CAPANEMA,2020,22
CAPANEMA,2021,3
CAPANEMA,2022,18
CAPANEMA,2023,27
CAPANEMA,2024,25
CAPITÃO POÇO,2008,245
CAPITÃO POÇO,2009,214
CAPITÃO POÇO,2010,203
CAPITÃO POÇO,2011,263
CAPITÃO POÇO,2012,181
CAPITÃO POÇO,2013,174
CAPITÃO POÇO,2014,130
CAPITÃO POÇO,2015,164
CAPITÃO POÇO,2016,131
CAPITÃO POÇO,2017,145
CAPITÃO POÇO,2018,57
CAPITÃO POÇO,2019,91
CAPITÃO POÇO,2020,107
CAPITÃO POÇO,2021,92
CAPITÃO POÇO,2022,158
CAPITÃO POÇO,2023,155
CAPITÃO POÇO,2024,172
CASTANHAL,2008,108
CASTANHAL,2009,84
CASTANHAL,2010,55
CASTANHAL,2011,80
CASTANHAL,2012,74
CASTANHAL,2013,49
CASTANHAL,2014,53
CASTANHAL,2015,57
CASTANHAL,2016,50
CASTANHAL,2017,53
CASTANHAL,2018,23
CASTANHAL,2019,21
CASTANHAL,2020,27
CASTANHAL,2021,21
CASTANHAL,2022,40
CASTANHAL,2023,33
CASTANHAL,2024,38
CHAVES,2008,180
CHAVES,2009,236
CHAVES,2010,35
CHAVES,2011,178
CHAVES,2012,283
CHAVES,2013,143
CHAVES,2014,264
CHAVES,2015,290
CHAVES,2016,237
CHAVES,2017,213
CHAVES,2018,117
CHAVES,2019,45
CHAVES,2020,56
CHAVES,2021,39
CHAVES,2022,42
CHAVES,2023,186
CHAVES,2024,225
COLARES,2008,21
COLARES,2009,16
COLARES,2010,8
COLARES,2011,17
COLARES,2012,19
COLARES,2013,9
COLARES,2014,14
COLARES,2015,12
COLARES,2016,10
COLARES,2017,7
COLARES,2019,4
COLARES,2020,5
COLARES,2021,3
COLARES,2022,2
COLARES,2023,2
COLARES,2024,14
CONCEIÇÃO DO ARAGUAIA,2008,356
CONCEIÇÃO DO ARAGUAIA,2009,240
CONCEIÇÃO DO ARAGUAIA,2010,1018
CONCEIÇÃO DO ARAGUAIA,2011,129
CONCEIÇÃO DO ARAGUAIA,2012,299
CONCEIÇÃO DO ARAGUAIA,2013,293
CONCEIÇÃO DO ARAGUAIA,2014,235
CONCEIÇÃO DO ARAGUAIA,2015,415
CONCEIÇÃO DO ARAGUAIA,2016,286
CONCEIÇÃO DO ARAGUAIA,2017,647
CONCEIÇÃO DO ARAGUAIA,2018,202
CONCEIÇÃO DO ARAGUAIA,2019,296
CONCEIÇÃO DO ARAGUAIA,2020,507
CONCEIÇÃO DO ARAGUAIA,2021,191
CONCEIÇÃO DO ARAGUAIA,2022,246
CONCEIÇÃO DO ARAGUAIA,2023,244
CONCEIÇÃO DO ARAGUAIA,2024,440
CONCÓRDIA DO PARÁ,2008,210
CONCÓRDIA DO PARÁ,2009,218
CONCÓRDIA DO PARÁ,2010,112
CONCÓRDIA DO PARÁ,2011,149
CONCÓRDIA DO PARÁ,2012,158
CONCÓRDIA DO PARÁ,2013,142
CONCÓRDIA DO PARÁ,2014,138
CONCÓRDIA DO PARÁ,2015,173
CONCÓRDIA DO PARÁ,2016,119
CONCÓRDIA DO PARÁ,2017,134
CONCÓRDIA DO PARÁ,2018,66
CONCÓRDIA DO PARÁ,2019,64
CONCÓRDIA DO PARÁ,2020,85
CONCÓRDIA DO PARÁ,2021,45
CONCÓRDIA DO PARÁ,2022,99
CONCÓRDIA DO PARÁ,2023,95
CONCÓRDIA DO PARÁ,2024,80
CUMARU DO NORTE,2008,1148
CUMARU DO NORTE,2009,318
CUMARU DO NORTE,2010,4543
CUMARU DO NORTE,2011,389
CUMARU DO NORTE,2012,752
CUMARU DO NORTE,2013,423
CUMARU DO NORTE,2014,592
CUMARU DO NORTE,2015,708
CUMARU DO NORTE,2016,392
CUMARU DO NORTE,2017,1311
CUMARU DO NORTE,2018,232
CUMARU DO NORTE,2019,446
CUMARU DO NORTE,2020,730
CUMARU DO NORTE,2021,207
CUMARU DO NORTE,2022,638
CUMARU DO NORTE,2023,282
CUMARU DO NORTE,2024,1347
CURIONÓPOLIS,2008,86
CURIONÓPOLIS,2009,45
CURIONÓPOLIS,2010,204
CURIONÓPOLIS,2011,43
CURIONÓPOLIS,2012,63
CURIONÓPOLIS,2013,17
CURIONÓPOLIS,2014,68
CURIONÓPOLIS,2015,118
CURIONÓPOLIS,2016,50
CURIONÓPOLIS,2017,137
CURIONÓPOLIS,2018,29
CURIONÓPOLIS,2019,53
CURIONÓPOLIS,2020,25
CURIONÓPOLIS,2021,17
CURIONÓPOLIS,2022,45
CURIONÓPOLIS,2023,47
CURIONÓPOLIS,2024,90
CURRALINHO,2008,88
CURRALINHO,2009,74
CURRALINHO,2010,82
CURRALINHO,2011,47
CURRALINHO,2012,79
CURRALINHO,2013,110
CURRALINHO,2014,76
CURRALINHO,2015,85
CURRALINHO,2016,151
CURRALINHO,2017,96
CURRALINHO,2018,73
CURRALINHO,2019,77
CURRALINHO,2020,166
CURRALINHO,2021,37
CURRALINHO,2022,87
CURRALINHO,2023,167
CURRALINHO,2024,107
CURUÁ,2008,70
CURUÁ,2009,175
CURUÁ,2010,53
CURUÁ,2011,43
CURUÁ,2012,108
CURUÁ,2013,76
CURUÁ,2014,104
CURUÁ,2015,156
CURUÁ,2016,94
CURUÁ,2017,131
CURUÁ,2018,67
CURUÁ,2019,48
CURUÁ,2020,113
CURUÁ,2021,33
CURUÁ,2022,65
CURUÁ,2023,154
CURUÁ,2024,134
CURUÇÁ,2008,53
CURUÇÁ,2009,51
CURUÇÁ,2010,42
CURUÇÁ,2011,39
CURUÇÁ,2012,38
CURUÇÁ,2013,33
CURUÇÁ,2014,26
CURUÇÁ,2015,37
CURUÇÁ,2016,43
CURUÇÁ,2017,39
CURUÇÁ,2018,16
CURUÇÁ,2019,17
CURUÇÁ,2020,13
CURUÇÁ,2021,11
CURUÇÁ,2022,21
CURUÇÁ,2023,29
CURUÇÁ,2024,21
DOM ELISEU,2008,313
DOM ELISEU,2009,202
DOM ELISEU,2010,330
DOM ELISEU,2011,140
DOM ELISEU,2012,225
DOM ELISEU,2013,110
DOM ELISEU,2014,211
DOM ELISEU,2015,273
DOM ELISEU,2016,170
DOM ELISEU,2017,229
DOM ELISEU,2018,122
DOM ELISEU,2019,141
DOM ELISEU,2020,207
DOM ELISEU,2021,163
DOM ELISEU,2022,225
DOM ELISEU,2023,239
DOM ELISEU,2024,284
ELDORADO DO CARAJÁS,2008,372
ELDORADO DO CARAJÁS,2009,237
ELDORADO DO CARAJÁS,2010,571
ELDORADO DO CARAJÁS,2011,232
ELDORADO DO CARAJÁS,2012,187
ELDORADO DO CARAJÁS,2013,100
ELDORADO DO CARAJÁS,2014,139
ELDORADO DO CARAJÁS,2015,206
ELDORADO DO CARAJÁS,2016,83
ELDORADO DO CARAJÁS,2017,160
ELDORADO DO CARAJÁS,2018,56
ELDORADO DO CARAJÁS,2019,63
ELDORADO DO CARAJÁS,2020,39
ELDORADO DO CARAJÁS,2021,41
ELDORADO DO CARAJÁS,2022,54
ELDORADO DO CARAJÁS,2023,48
ELDORADO DO CARAJÁS,2024,67
FARO,2008,20
FARO,2009,69
FARO,2010,21
FARO,2011,23
FARO,2012,32
FARO,2013,29
FARO,2014,24
FARO,2015,46
FARO,2016,13
FARO,2017,41
FARO,2018,23
FARO,2019,21
FARO,2020,46
FARO,2021,28
FARO,2022,44
FARO,2023,57
FARO,2024,52
FLORESTA DO ARAGUAIA,2008,251
FLORESTA DO ARAGUAIA,2009,194
FLORESTA DO ARAGUAIA,2010,403
FLORESTA DO ARAGUAIA,2011,156
FLORESTA DO ARAGUAIA,2012,202
FLORESTA DO ARAGUAIA,2013,182
FLORESTA DO ARAGUAIA,2014,201
FLORESTA DO ARAGUAIA,2015,200
FLORESTA DO ARAGUAIA,2016,138
FLORESTA DO ARAGUAIA,2017,166
FLORESTA DO ARAGUAIA,2018,91
FLORESTA DO ARAGUAIA,2019,122
FLORESTA DO ARAGUAIA,2020,142
FLORESTA DO ARAGUAIA,2021,63
FLORESTA DO ARAGUAIA,2022,112
FLORESTA DO ARAGUAIA,2023,71
FLORESTA DO ARAGUAIA,2024,75
GARRAFÃO DO NORTE,2008,244
GARRAFÃO DO NORTE,2009,265
GARRAFÃO DO NORTE,2010,165
GARRAFÃO DO NORTE,2011,188
GARRAFÃO DO NORTE,2012,183
GARRAFÃO DO NORTE,2013,163
GARRAFÃO DO NORTE,2014,156
GARRAFÃO DO NORTE,2015,172
GARRAFÃO DO NORTE,2016,76
GARRAFÃO DO NORTE,2017,135
GARRAFÃO DO NORTE,2018,27
GARRAFÃO DO NORTE,2019,90
GARRAFÃO DO NORTE,2020,68
GARRAFÃO DO NORTE,2021,88
GARRAFÃO DO NORTE,2022,124
GARRAFÃO DO NORTE,2023,133
GARRAFÃO DO NORTE,2024,101
GOIANÉSIA DO PARÁ,2008,361
GOIANÉSIA DO PARÁ,2009,567
GOIANÉSIA DO PARÁ,2010,219
GOIANÉSIA DO PARÁ,2011,231
GOIANÉSIA DO PARÁ,2012,228
GOIANÉSIA DO PARÁ,2013,263
GOIANÉSIA DO PARÁ,2014,266
GOIANÉSIA DO PARÁ,2015,236
GOIANÉSIA DO PARÁ,2016,147
GOIANÉSIA DO PARÁ,2017,178
GOIANÉSIA DO PARÁ,2018,110
GOIANÉSIA DO PARÁ,2019,174
GOIANÉSIA DO PARÁ,2020,195
GOIANÉSIA DO PARÁ,2021,117
GOIANÉSIA DO PARÁ,2022,203
GOIANÉSIA DO PARÁ,2023,217
GOIANÉSIA DO PARÁ,2024,239
GURUPÁ,2008,87
GURUPÁ,2009,114
GURUPÁ,2010,76
GURUPÁ,2011,90
GURUPÁ,2012,99
GURUPÁ,2013,73
GURUPÁ,2014,86
GURUPÁ,2015,123
GURUPÁ,2016,177
GURUPÁ,2017,135
GURUPÁ,2018,60
GURUPÁ,2019,47
GURUPÁ,2020,83
GURUPÁ,2021,33
GURUPÁ,2022,43
GURUPÁ,2023,123
GURUPÁ,2024,358
IGARAPÉ-AÇU,2008,85
IGARAPÉ-AÇU,2009,80
IGARAPÉ-AÇU,2010,62
IGARAPÉ-AÇU,2011,54
IGARAPÉ-AÇU,2012,53
IGARAPÉ-AÇU,2013,38
IGARAPÉ-AÇU,2014,51
IGARAPÉ-AÇU,2015,32
IGARAPÉ-AÇU,2016,18
IGARAPÉ-AÇU,2017,32
IGARAPÉ-AÇU,2018,12
IGARAPÉ-AÇU,2019,20
IGARAPÉ-AÇU,2020,33
IGARAPÉ-AÇU,2021,23
IGARAPÉ-AÇU,2022,32
IGARAPÉ-AÇU,2023,34
IGARAPÉ-AÇU,2024,42
IGARAPÉ-MIRI,2008,144
IGARAPÉ-MIRI,2009,146
IGARAPÉ-MIRI,2010,104
IGARAPÉ-MIRI,2011,88
IGARAPÉ-MIRI,2012,111
IGARAPÉ-MIRI,2013,116
IGARAPÉ-MIRI,2014,92
IGARAPÉ-MIRI,2015,84
IGARAPÉ-MIRI,2016,138
IGARAPÉ-MIRI,2017,184
IGARAPÉ-MIRI,2018,64
IGARAPÉ-MIRI,2019,81
IGARAPÉ-MIRI,2020,94
IGARAPÉ-MIRI,2021,60
IGARAPÉ-MIRI,2022,82
IGARAPÉ-MIRI,2023,173
IGARAPÉ-MIRI,2024,152
INHANGAPI,2008,47
INHANGAPI,2009,74
INHANGAPI,2010,40
INHANGAPI,2011,34
INHANGAPI,2012,38
INHANGAPI,2013,33
INHANGAPI,2014,22
INHANGAPI,2015,25
INHANGAPI,2016,20
INHANGAPI,2017,36
INHANGAPI,2018,12
INHANGAPI,2019,6
INHANGAPI,2020,10
INHANGAPI,2021,7
INHANGAPI,2022,24
INHANGAPI,2023,23
INHANGAPI,2024,19
IPIXUNA DO PARÁ,2008,384
IPIXUNA DO PARÁ,2009,311
IPIXUNA DO PARÁ,2010,222
IPIXUNA DO PARÁ,2011,187
IPIXUNA DO PARÁ,2012,216
IPIXUNA DO PARÁ,2013,181
IPIXUNA DO PARÁ,2014,289
IPIXUNA DO PARÁ,2015,339
IPIXUNA DO PARÁ,2016,257
IPIXUNA DO PARÁ,2017,344
IPIXUNA DO PARÁ,2018,150
IPIXUNA DO PARÁ,2019,124
IPIXUNA DO PARÁ,2020,227
IPIXUNA DO PARÁ,2021,206
IPIXUNA DO PARÁ,2022,183
IPIXUNA DO PARÁ,2023,291
IPIXUNA DO PARÁ,2024,300
IRITUIA,2008,154
IRITUIA,2009,174
IRITUIA,2010,145
IRITUIA,2011,135
IRITUIA,2012,102
IRITUIA,2013,135
IRITUIA,2014,72
IRITUIA,2015,166
IRITUIA,2016,52
IRITUIA,2017,142
IRITUIA,2018,43
IRITUIA,2019,73
IRITUIA,2020,83
IRITUIA,2021,55
IRITUIA,2022,98
IRITUIA,2023,86
IRITUIA,2024,103
ITAITUBA,2008,1346
ITAITUBA,2009,1635
ITAITUBA,2010,1505
ITAITUBA,2011,934
ITAITUBA,2012,1479
ITAITUBA,2013,702
ITAITUBA,2014,1272
ITAITUBA,2015,1621
ITAITUBA,2016,798
ITAITUBA,2017,1527
ITAITUBA,2018,647
ITAITUBA,2019,1268
ITAITUBA,2020,1799
ITAITUBA,2021,1133
ITAITUBA,2022,2044
ITAITUBA,2023,1279
ITAITUBA,2024,3333
ITUPIRANGA,2008,994
ITUPIRANGA,2009,709
ITUPIRANGA,2010,919
ITUPIRANGA,2011,512
ITUPIRANGA,2012,407
ITUPIRANGA,2013,248
ITUPIRANGA,2014,430
ITUPIRANGA,2015,558
ITUPIRANGA,2016,343
ITUPIRANGA,2017,266
ITUPIRANGA,2018,275
ITUPIRANGA,2019,171
ITUPIRANGA,2020,198
ITUPIRANGA,2021,158
ITUPIRANGA,2022,307
ITUPIRANGA,2023,217
ITUPIRANGA,2024,181
JACAREACANGA,2008,368
JACAREACANGA,2009,337
JACAREACANGA,2010,588
JACAREACANGA,2011,396
JACAREACANGA,2012,627
JACAREACANGA,2013,247
JACAREACANGA,2014,574
JACAREACANGA,2015,659
JACAREACANGA,2016,671
JACAREACANGA,2017,551
JACAREACANGA,2018,424
JACAREACANGA,2019,667
JACAREACANGA,2020,860
JACAREACANGA,2021,696
JACAREACANGA,2022,880
JACAREACANGA,2023,633
JACAREACANGA,2024,1701
JACUNDÁ,2008,98
JACUNDÁ,2009,100
JACUNDÁ,2010,88
JACUNDÁ,2011,46
JACUNDÁ,2012,44
JACUNDÁ,2013,27
JACUNDÁ,2014,42
JACUNDÁ,2015,49
JACUNDÁ,2016,17
JACUNDÁ,2017,49
JACUNDÁ,2018,18
JACUNDÁ,2019,20
JACUNDÁ,2020,33
JACUNDÁ,2021,11
JACUNDÁ,2022,27
JACUNDÁ,2023,29
JACUNDÁ,2024,44
JURUTI,2008,153
JURUTI,2009,254
JURUTI,2010,211
JURUTI,2011,180
JURUTI,2012,237
JURUTI,2013,367
JURUTI,2014,374
JURUTI,2015,324
JURUTI,2016,226
JURUTI,2017,301
JURUTI,2018,120
JURUTI,2019,117
JURUTI,2020,197
JURUTI,2021,134
JURUTI,2022,146
JURUTI,2023,422
JURUTI,2024,223
LIMOEIRO DO AJURU,2008,28
LIMOEIRO DO AJURU,2009,16
LIMOEIRO DO AJURU,2010,15
LIMOEIRO DO AJURU,2011,8
LIMOEIRO DO AJURU,2012,18
LIMOEIRO DO AJURU,2013,29
LIMOEIRO DO AJURU,2014,7
LIMOEIRO DO AJURU,2015,32
LIMOEIRO DO AJURU,2016,23
LIMOEIRO DO AJURU,2017,49
LIMOEIRO DO AJURU,2018,14
LIMOEIRO DO AJURU,2019,14
LIMOEIRO DO AJURU,2020,10
LIMOEIRO DO AJURU,2021,3
LIMOEIRO DO AJURU,2022,8
LIMOEIRO DO AJURU,2023,19
LIMOEIRO DO AJURU,2024,29
MAGALHÃES BARATA,2008,25
MAGALHÃES BARATA,2009,39
MAGALHÃES BARATA,2010,37
MAGALHÃES BARATA,2011,9
MAGALHÃES BARATA,2012,26
MAGALHÃES BARATA,2013,21
MAGALHÃES BARATA,2014,16
MAGALHÃES BARATA,2015,30
MAGALHÃES BARATA,2016,12
MAGALHÃES BARATA,2017,27
MAGALHÃES BARATA,2018,6
MAGALHÃES BARATA,2019,22
MAGALHÃES BARATA,2020,22
MAGALHÃES BARATA,2021,30
MAGALHÃES BARATA,2022,24
MAGALHÃES BARATA,2023,40
MAGALHÃES BARATA,2024,34
MARABÁ,2008,1489
MARABÁ,2009,756
MARABÁ,2010,1477
MARABÁ,2011,684
MARABÁ,2012,720
MARABÁ,2013,327
MARABÁ,2014,577
MARABÁ,2015,877
MARABÁ,2016,504
MARABÁ,2017,736
MARABÁ,2018,354
MARABÁ,2019,384
MARABÁ,2020,380
MARABÁ,2021,224
MARABÁ,2022,502
MARABÁ,2023,388
MARABÁ,2024,399
MARACANÃ,2008,73
MARACANÃ,2009,69
MARACANÃ,2010,46
MARACANÃ,2011,43
MARACANÃ,2012,64
MARACANÃ,2013,58
MARACANÃ,2014,65
MARACANÃ,2015,39
MARACANÃ,2016,51
MARACANÃ,2017,53
MARACANÃ,2018,13
MARACANÃ,2019,42
MARACANÃ,2020,55
MARACANÃ,2021,57
MARACANÃ,2022,36
MARACANÃ,2023,56
MARACANÃ,2024,48
MARAPANIM,2008,86
MARAPANIM,2009,94
MARAPANIM,2010,51
MARAPANIM,2011,90
MARAPANIM,2012,63
MARAPANIM,2013,66
MARAPANIM,2014,73
MARAPANIM,2015,62
MARAPANIM,2016,45
MARAPANIM,2017,61
MARAPANIM,2018,19
MARAPANIM,2019,41
MARAPANIM,2020,39
MARAPANIM,2021,49
MARAPANIM,2022,38
MARAPANIM,2023,85
MARAPANIM,2024,52
MARITUBA,2010,1
MARITUBA,2012,1
MARITUBA,2023,1
MEDICILÂNDIA,2008,304
MEDICILÂNDIA,2009,366
MEDICILÂNDIA,2010,257
MEDICILÂNDIA,2011,397
MEDICILÂNDIA,2012,341
MEDICILÂNDIA,2013,133
MEDICILÂNDIA,2014,288
MEDICILÂNDIA,2015,311
MEDICILÂNDIA,2016,268
MEDICILÂNDIA,2017,342
MEDICILÂNDIA,2018,247
MEDICILÂNDIA,2019,239
MEDICILÂNDIA,2020,348
MEDICILÂNDIA,2021,223
MEDICILÂNDIA,2022,497
MEDICILÂNDIA,2023,466
MEDICILÂNDIA,2024,534
MELGAÇO,2008,62
MELGAÇO,2009,92
MELGAÇO,2010,46
MELGAÇO,2011,36
MELGAÇO,2012,61
MELGAÇO,2013,69
MELGAÇO,2014,33
MELGAÇO,2015,67
MELGAÇO,2016,82
MELGAÇO,2017,96
MELGAÇO,2018,33
MELGAÇO,2019,34
MELGAÇO,2020,64
MELGAÇO,2021,20
MELGAÇO,2022,31
MELGAÇO,2023,85
MELGAÇO,2024,120
MOCAJUBA,2008,156
MOCAJUBA,2009,118
MOCAJUBA,2010,121
MOCAJUBA,2011,103
MOCAJUBA,2012,122
MOCAJUBA,2013,104
MOCAJUBA,2014,120
MOCAJUBA,2015,95
MOCAJUBA,2016,169
MOCAJUBA,2017,181
MOCAJUBA,2018,106
MOCAJUBA,2019,88
MOCAJUBA,2020,124
MOCAJUBA,2021,96
MOCAJUBA,2022,106
MOCAJUBA,2023,254
MOCAJUBA,2024,164
MOJU,2008,1609
MOJU,2009,1342
MOJU,2010,965
MOJU,2011,712
MOJU,2012,968
MOJU,2013,760
MOJU,2014,767
MOJU,2015,823
MOJU,2016,876
MOJU,2017,1081
MOJU,2018,502
MOJU,2019,547
MOJU,2020,698
MOJU,2021,507
MOJU,2022,914
MOJU,2023,1258
MOJU,2024,1133
MOJUÍ DOS CAMPOS,2008,362
MOJUÍ DOS CAMPOS,2009,450
MOJUÍ DOS CAMPOS,2010,241
MOJUÍ DOS CAMPOS,2011,247
MOJUÍ DOS CAMPOS,2012,357
MOJUÍ DOS CAMPOS,2013,376
MOJUÍ DOS CAMPOS,2014,471
MOJUÍ DOS CAMPOS,2015,475
MOJUÍ DOS CAMPOS,2016,326
MOJUÍ DOS CAMPOS,2017,464
MOJUÍ DOS CAMPOS,2018,244
MOJUÍ DOS CAMPOS,2019,246
MOJUÍ DOS CAMPOS,2020,261
MOJUÍ DOS CAMPOS,2021,142
MOJUÍ DOS CAMPOS,2022,446
MOJUÍ DOS CAMPOS,2023,812
MOJUÍ DOS CAMPOS,2024,401
MONTE ALEGRE,2008,604
MONTE ALEGRE,2009,526
MONTE ALEGRE,2010,194
MONTE ALEGRE,2011,308
MONTE ALEGRE,2012,447
MONTE ALEGRE,2013,344
MONTE ALEGRE,2014,541
MONTE ALEGRE,2015,561
MONTE ALEGRE,2016,379
MONTE ALEGRE,2017,551
MONTE ALEGRE,2018,246
MONTE ALEGRE,2019,313
MONTE ALEGRE,2020,333
MONTE ALEGRE,2021,314
MONTE ALEGRE,2022,494
MONTE ALEGRE,2023,651
MONTE ALEGRE,2024,442
MUANÁ,2008,67
MUANÁ,2009,119
MUANÁ,2010,31
MUANÁ,2011,90
MUANÁ,2012,86
MUANÁ,2013,56
MUANÁ,2014,115
MUANÁ,2015,80
MUANÁ,2016,54
MUANÁ,2017,67
MUANÁ,2018,43
MUANÁ,2019,44
MUANÁ,2020,71
MUANÁ,2021,47
MUANÁ,2022,98
MUANÁ,2023,106
MUANÁ,2024,88
MÃE DO RIO,2008,30
MÃE DO RIO,2009,40
MÃE DO RIO,2010,22
MÃE DO RIO,2011,20
MÃE DO RIO,2012,18
MÃE DO RIO,2013,26
MÃE DO RIO,2014,19
MÃE DO RIO,2015,18
MÃE DO RIO,2016,6
MÃE DO RIO,2017,15
MÃE DO RIO,2018,8
MÃE DO RIO,2019,17
MÃE DO RIO,2020,16
MÃE DO RIO,2021,5
MÃE DO RIO,2022,15
MÃE DO RIO,2023,11
MÃE DO RIO,2024,14
NOVA ESPERANÇA DO PIRIÁ,2008,344
NOVA ESPERANÇA DO PIRIÁ,2009,380
NOVA ESPERANÇA DO PIRIÁ,2010,286
NOVA ESPERANÇA DO PIRIÁ,2011,252
NOVA ESPERANÇA DO PIRIÁ,2012,268
NOVA ESPERANÇA DO PIRIÁ,2013,272
NOVA ESPERANÇA DO PIRIÁ,2014,222
NOVA ESPERANÇA DO PIRIÁ,2015,385
NOVA ESPERANÇA DO PIRIÁ,2016,142
NOVA ESPERANÇA DO PIRIÁ,2017,234
NOVA ESPERANÇA DO PIRIÁ,2018,97
NOVA ESPERANÇA DO PIRIÁ,2019,101
NOVA ESPERANÇA DO PIRIÁ,2020,111
NOVA ESPERANÇA DO PIRIÁ,2021,105
NOVA ESPERANÇA DO PIRIÁ,2022,163
NOVA ESPERANÇA DO PIRIÁ,2023,121
NOVA ESPERANÇA DO PIRIÁ,2024,266
NOVA IPIXUNA,2008,181
NOVA IPIXUNA,2009,86
NOVA IPIXUNA,2010,198
NOVA IPIXUNA,2011,54
NOVA IPIXUNA,2012,72
NOVA IPIXUNA,2013,50
NOVA IPIXUNA,2014,55
NOVA IPIXUNA,2015,47
NOVA IPIXUNA,2016,54
NOVA IPIXUNA,2017,58
NOVA IPIXUNA,2018,29
NOVA IPIXUNA,2019,31
NOVA IPIXUNA,2020,43
NOVA IPIXUNA,2021,18
NOVA IPIXUNA,2022,52
NOVA IPIXUNA,2023,38
NOVA IPIXUNA,2024,48
NOVA TIMBOTEUA,2008,24
NOVA TIMBOTEUA,2009,30
NOVA TIMBOTEUA,2010,21
NOVA TIMBOTEUA,2011,15
NOVA TIMBOTEUA,2012,19
NOVA TIMBOTEUA,2013,18
NOVA TIMBOTEUA,2014,23
NOVA TIMBOTEUA,2015,17
NOVA TIMBOTEUA,2016,11
NOVA TIMBOTEUA,2017,27
NOVA TIMBOTEUA,2018,4
NOVA TIMBOTEUA,2019,12
NOVA TIMBOTEUA,2020,24
NOVA TIMBOTEUA,2021,20
NOVA TIMBOTEUA,2022,18
NOVA TIMBOTEUA,2023,24
NOVA TIMBOTEUA,2024,14
NOVO PROGRESSO,2008,2257
NOVO PROGRESSO,2009,860
NOVO PROGRESSO,2010,2531
NOVO PROGRESSO,2011,656
NOVO PROGRESSO,2012,1730
NOVO PROGRESSO,2013,581
NOVO PROGRESSO,2014,1865
NOVO PROGRESSO,2015,1896
NOVO PROGRESSO,2016,1355
NOVO PROGRESSO,2017,2205
NOVO PROGRESSO,2018,1321
NOVO PROGRESSO,2019,2002
NOVO PROGRESSO,2020,2376
NOVO PROGRESSO,2021,2000
NOVO PROGRESSO,2022,3174
NOVO PROGRESSO,2023,1136
NOVO PROGRESSO,2024,4787
NOVO REPARTIMENTO,2008,1588
NOVO REPARTIMENTO,2009,1781
NOVO REPARTIMENTO,2010,1589
NOVO REPARTIMENTO,2011,664
NOVO REPARTIMENTO,2012,797
NOVO REPARTIMENTO,2013,464
NOVO REPARTIMENTO,2014,564
NOVO REPARTIMENTO,2015,756
NOVO REPARTIMENTO,2016,709
NOVO REPARTIMENTO,2017,773
NOVO REPARTIMENTO,2018,560
NOVO REPARTIMENTO,2019,547
NOVO REPARTIMENTO,2020,515
NOVO REPARTIMENTO,2021,394
NOVO REPARTIMENTO,2022,702
NOVO REPARTIMENTO,2023,639
NOVO REPARTIMENTO,2024,550
OEIRAS DO PARÁ,2008,305
OEIRAS DO PARÁ,2009,390
OEIRAS DO PARÁ,2010,119
OEIRAS DO PARÁ,2011,126
OEIRAS DO PARÁ,2012,247
OEIRAS DO PARÁ,2013,280
OEIRAS DO PARÁ,2014,216
OEIRAS DO PARÁ,2015,391
OEIRAS DO PARÁ,2016,299
OEIRAS DO PARÁ,2017,308
OEIRAS DO PARÁ,2018,128
OEIRAS DO PARÁ,2019,176
OEIRAS DO PARÁ,2020,159
OEIRAS DO PARÁ,2021,93
OEIRAS DO PARÁ,2022,196
OEIRAS DO PARÁ,2023,395
OEIRAS DO PARÁ,2024,302
ORIXIMINÁ,2008,401
ORIXIMINÁ,2009,743
ORIXIMINÁ,2010,327
ORIXIMINÁ,2011,315
ORIXIMINÁ,2012,430
ORIXIMINÁ,2013,303
ORIXIMINÁ,2014,541
ORIXIMINÁ,2015,607
ORIXIMINÁ,2016,388
ORIXIMINÁ,2017,511
ORIXIMINÁ,2018,256
ORIXIMINÁ,2019,305
ORIXIMINÁ,2020,450
ORIXIMINÁ,2021,237
ORIXIMINÁ,2022,357
ORIXIMINÁ,2023,635
ORIXIMINÁ,2024,587
OURILÂNDIA DO NORTE,2008,286
OURILÂNDIA DO NORTE,2009,100
OURILÂNDIA DO NORTE,2010,848
OURILÂNDIA DO NORTE,2011,137
OURILÂNDIA DO NORTE,2012,259
OURILÂNDIA DO NORTE,2013,121
OURILÂNDIA DO NORTE,2014,306
OURILÂNDIA DO NORTE,2015,267
OURILÂNDIA DO NORTE,2016,112
OURILÂNDIA DO NORTE,2017,515
OURILÂNDIA DO NORTE,2018,67
OURILÂNDIA DO NORTE,2019,173
OURILÂNDIA DO NORTE,2020,457
OURILÂNDIA DO NORTE,2021,106
OURILÂNDIA DO NORTE,2022,263
OURILÂNDIA DO NORTE,2023,110
OURILÂNDIA DO NORTE,2024,1625
OURÉM,2008,35
OURÉM,2009,49
OURÉM,2010,48
OURÉM,2011,29
OURÉM,2012,41
OURÉM,2013,40
OURÉM,2014,34
OURÉM,2015,36
OURÉM,2016,33
OURÉM,2017,23
OURÉM,2018,9
OURÉM,2019,18
OURÉM,2020,23
OURÉM,2021,5
OURÉM,2022,28
OURÉM,2023,42
OURÉM,2024,59
PACAJÁ,2008,1088
PACAJÁ,2009,1535
PACAJÁ,2010,912
PACAJÁ,2011,527
PACAJÁ,2012,791
PACAJÁ,2013,585
PACAJÁ,2014,1081
PACAJÁ,2015,1200
PACAJÁ,2016,957
PACAJÁ,2017,1268
PACAJÁ,2018,1183
PACAJÁ,2019,1095
PACAJÁ,2020,985
PACAJÁ,2021,633
PACAJÁ,2022,1569
PACAJÁ,2023,1191
PACAJÁ,2024,1077
PALESTINA DO PARÁ,2008,42
PALESTINA DO PARÁ,2009,40
PALESTINA DO PARÁ,2010,35
PALESTINA DO PARÁ,2011,15
PALESTINA DO PARÁ,2012,14
PALESTINA DO PARÁ,2013,28
PALESTINA DO PARÁ,2014,14
PALESTINA DO PARÁ,2015,13
PALESTINA DO PARÁ,2016,3
PALESTINA DO PARÁ,2017,7
PALESTINA DO PARÁ,2018,15
PALESTINA DO PARÁ,2019,9
PALESTINA DO PARÁ,2020,14
PALESTINA DO PARÁ,2021,4
PALESTINA DO PARÁ,2022,2
PALESTINA DO PARÁ,2023,1
PALESTINA DO PARÁ,2024,4
PARAGOMINAS,2008,656
PARAGOMINAS,2009,606
PARAGOMINAS,2010,669
PARAGOMINAS,2011,515
PARAGOMINAS,2012,569
PARAGOMINAS,2013,423
PARAGOMINAS,2014,627
PARAGOMINAS,2015,849
PARAGOMINAS,2016,484
PARAGOMINAS,2017,633
PARAGOMINAS,2018,296
PARAGOMINAS,2019,290
PARAGOMINAS,2020,366
PARAGOMINAS,2021,369
PARAGOMINAS,2022,413
PARAGOMINAS,2023,373
PARAGOMINAS,2024,366
PARAUAPEBAS,2008,140
PARAUAPEBAS,2009,88
PARAUAPEBAS,2010,305
PARAUAPEBAS,2011,61
PARAUAPEBAS,2012,128
PARAUAPEBAS,2013,39
PARAUAPEBAS,2014,132
PARAUAPEBAS,2015,134
PARAUAPEBAS,2016,98
PARAUAPEBAS,2017,209
PARAUAPEBAS,2018,43
PARAUAPEBAS,2019,80
PARAUAPEBAS,2020,110
PARAUAPEBAS,2021,36
PARAUAPEBAS,2022,69
PARAUAPEBAS,2023,73
PARAUAPEBAS,2024,468
PAU D'ARCO,2008,95
PAU D'ARCO,2009,68
PAU D'ARCO,2010,205
PAU D'ARCO,2011,71
PAU D'ARCO,2012,102
PAU D'ARCO,2013,106
PAU D'ARCO,2014,84
PAU D'ARCO,2015,98
PAU D'ARCO,2016,74
PAU D'ARCO,2017,139
PAU D'ARCO,2018,55
PAU D'ARCO,2019,56
PAU D'ARCO,2020,115
PAU D'ARCO,2021,58
PAU D'ARCO,2022,97
PAU D'ARCO,2023,82
PAU D'ARCO,2024,115
PEIXE-BOI,2008,29
PEIXE-BOI,2009,27
PEIXE-BOI,2010,22
PEIXE-BOI,2011,42
PEIXE-BOI,2012,28
PEIXE-BOI,2013,17
PEIXE-BOI,2014,23
PEIXE-BOI,2015,39
PEIXE-BOI,2016,13
PEIXE-BOI,2017,17
PEIXE-BOI,2018,7
PEIXE-BOI,2019,11
PEIXE-BOI,2020,15
PEIXE-BOI,2021,18
PEIXE-BOI,2022,17
PEIXE-BOI,2023,29
PEIXE-BOI,2024,17
PIÇARRA,2008,207
PIÇARRA,2009,135
PIÇARRA,2010,301
PIÇARRA,2011,57
PIÇARRA,2012,61
PIÇARRA,2013,50
PIÇARRA,2014,71
PIÇARRA,2015,99
PIÇARRA,2016,57
PIÇARRA,2017,46
PIÇARRA,2018,41
PIÇARRA,2019,23
PIÇARRA,2020,24
PIÇARRA,2021,16
PIÇARRA,2022,28
PIÇARRA,2023,24
PIÇARRA,2024,45
PLACAS,2008,578
PLACAS,2009,723
PLACAS,2010,412
PLACAS,2011,607
PLACAS,2012,725
PLACAS,2013,289
PLACAS,2014,656
PLACAS,2015,983
PLACAS,2016,577
PLACAS,2017,798
PLACAS,2018,415
PLACAS,2019,452
PLACAS,2020,741
PLACAS,2021,280
PLACAS,2022,773
PLACAS,2023,1140
PLACAS,2024,574
PONTA DE PEDRAS,2008,54
PONTA DE PEDRAS,2009,94
PONTA DE PEDRAS,2010,50
PONTA DE PEDRAS,2011,53
PONTA DE PEDRAS,2012,58
PONTA DE PEDRAS,2013,46
PONTA DE PEDRAS,2014,65
PONTA DE PEDRAS,2015,101
PONTA DE PEDRAS,2016,54
PONTA DE PEDRAS,2017,83
PONTA DE PEDRAS,2018,46
PONTA DE PEDRAS,2019,29
PONTA DE PEDRAS,2020,85
PONTA DE PEDRAS,2021,38
PONTA DE PEDRAS,2022,82
PONTA DE PEDRAS,2023,97
PONTA DE PEDRAS,2024,78
PORTEL,2008,763
PORTEL,2009,833
PORTEL,2010,538
PORTEL,2011,381
PORTEL,2012,701
PORTEL,2013,589
PORTEL,2014,780
PORTEL,2015,1006
PORTEL,2016,1135
PORTEL,2017,1537
PORTEL,2018,1004
PORTEL,2019,934
PORTEL,2020,1162
PORTEL,2021,736
PORTEL,2022,1538
PORTEL,2023,2011
PORTEL,2024,1925
PORTO DE MOZ,2008,461
PORTO DE MOZ,2009,452
PORTO DE MOZ,2010,395
PORTO DE MOZ,2011,337
PORTO DE MOZ,2012,362
PORTO DE MOZ,2013,295
PORTO DE MOZ,2014,456
PORTO DE MOZ,2015,559
PORTO DE MOZ,2016,578
PORTO DE MOZ,2017,614
PORTO DE MOZ,2018,250
PORTO DE MOZ,2019,203
PORTO DE MOZ,2020,218
PORTO DE MOZ,2021,187
PORTO DE MOZ,2022,324
PORTO DE MOZ,2023,634
PORTO DE MOZ,2024,664
PRAINHA,2008,560
PRAINHA,2009,619
PRAINHA,2010,305
PRAINHA,2011,523
PRAINHA,2012,470
PRAINHA,2013,447
PRAINHA,2014,716
PRAINHA,2015,705
PRAINHA,2016,505
PRAINHA,2017,708
PRAINHA,2018,258
PRAINHA,2019,437
PRAINHA,2020,235
PRAINHA,2021,297
PRAINHA,2022,554
PRAINHA,2023,908
PRAINHA,2024,858
PRIMAVERA,2008,18
PRIMAVERA,2009,25
PRIMAVERA,2010,20
PRIMAVERA,2011,17
PRIMAVERA,2012,15
PRIMAVERA,2013,21
PRIMAVERA,2014,17
PRIMAVERA,2015,4
PRIMAVERA,2016,13
PRIMAVERA,2017,12
PRIMAVERA,2018,11
PRIMAVERA,2019,13
PRIMAVERA,2020,21
PRIMAVERA,2021,20
PRIMAVERA,2022,9
PRIMAVERA,2023,29
PRIMAVERA,2024,25
QUATIPURU,2008,12
QUATIPURU,2009,7
QUATIPURU,2010,10
QUATIPURU,2011,4
QUATIPURU,2012,11
QUATIPURU,2013,13
QUATIPURU,2014,5
QUATIPURU,2015,12
QUATIPURU,2016,18
QUATIPURU,2017,9
QUATIPURU,2018,7
QUATIPURU,2019,9
QUATIPURU,2020,12
QUATIPURU,2021,6
QUATIPURU,2022,4
QUATIPURU,2023,13
QUATIPURU,2024,3
REDENÇÃO,2008,193
REDENÇÃO,2009,78
REDENÇÃO,2010,366
REDENÇÃO,2011,54
REDENÇÃO,2012,193
REDENÇÃO,2013,136
REDENÇÃO,2014,100
REDENÇÃO,2015,111
REDENÇÃO,2016,76
REDENÇÃO,2017,215
REDENÇÃO,2018,38
REDENÇÃO,2019,70
REDENÇÃO,2020,72
REDENÇÃO,2021,64
REDENÇÃO,2022,50
REDENÇÃO,2023,51
REDENÇÃO,2024,115
RIO MARIA,2008,137
RIO MARIA,2009,65
RIO MARIA,2010,147
RIO MARIA,2011,68
RIO MARIA,2012,95
RIO MARIA,2013,178
RIO MARIA,2014,129
RIO MARIA,2015,160
RIO MARIA,2016,89
RIO MARIA,2017,174
RIO MARIA,2018,70
RIO MARIA,2019,83
RIO MARIA,2020,161
RIO MARIA,2021,68
RIO MARIA,2022,84
RIO MARIA,2023,65
RIO MARIA,2024,97
RONDON DO PARÁ,2008,556
RONDON DO PARÁ,2009,626
RONDON DO PARÁ,2010,369
RONDON DO PARÁ,2011,321
RONDON DO PARÁ,2012,355
RONDON DO PARÁ,2013,264
RONDON DO PARÁ,2014,461
RONDON DO PARÁ,2015,404
RONDON DO PARÁ,2016,288
RONDON DO PARÁ,2017,288
RONDON DO PARÁ,2018,280
RONDON DO PARÁ,2019,263
RONDON DO PARÁ,2020,325
RONDON DO PARÁ,2021,186
RONDON DO PARÁ,2022,358
RONDON DO PARÁ,2023,397
RONDON DO PARÁ,2024,549
RURÓPOLIS,2008,313
RURÓPOLIS,2009,875
RURÓPOLIS,2010,313
RURÓPOLIS,2011,415
RURÓPOLIS,2012,420
RURÓPOLIS,2013,270
RURÓPOLIS,2014,481
RURÓPOLIS,2015,704
RURÓPOLIS,2016,323
RURÓPOLIS,2017,669
RURÓPOLIS,2018,314
RURÓPOLIS,2019,506
RURÓPOLIS,2020,771
RURÓPOLIS,2021,227
RURÓPOLIS,2022,549
RURÓPOLIS,2023,834
RURÓPOLIS,2024,707
SALINÓPOLIS,2008,5
SALINÓPOLIS,2009,8
SALINÓPOLIS,2010,13
SALINÓPOLIS,2011,7
SALINÓPOLIS,2012,12
SALINÓPOLIS,2013,11
SALINÓPOLIS,2014,3
SALINÓPOLIS,2015,5
SALINÓPOLIS,2016,3
SALINÓPOLIS,2017,10
SALINÓPOLIS,2018,1
SALINÓPOLIS,2019,7
SALINÓPOLIS,2020,6
SALINÓPOLIS,2021,6
SALINÓPOLIS,2022,4
SALINÓPOLIS,2023,1
SALINÓPOLIS,2024,4
SALVATERRA,2008,49
SALVATERRA,2009,62
SALVATERRA,2010,45
SALVATERRA,2011,47
SALVATERRA,2012,37
SALVATERRA,2013,59
SALVATERRA,2014,34
SALVATERRA,2015,62
SALVATERRA,2016,39
SALVATERRA,2017,64
SALVATERRA,2018,28
SALVATERRA,2019,41
SALVATERRA,2020,52
SALVATERRA,2021,29
SALVATERRA,2022,43
SALVATERRA,2023,31
SALVATERRA,2024,34
SANTA BÁRBARA DO PARÁ,2008,13
SANTA BÁRBARA DO PARÁ,2009,7
SANTA BÁRBARA DO PARÁ,2010,2
SANTA BÁRBARA DO PARÁ,2011,7
SANTA BÁRBARA DO PARÁ,2012,5
SANTA BÁRBARA DO PARÁ,2013,5
SANTA BÁRBARA DO PARÁ,2014,1
SANTA BÁRBARA DO PARÁ,2015,6
SANTA BÁRBARA DO PARÁ,2016,4
SANTA BÁRBARA DO PARÁ,2017,1
SANTA BÁRBARA DO PARÁ,2018,6
SANTA BÁRBARA DO PARÁ,2019,2
SANTA BÁRBARA DO PARÁ,2020,1
SANTA BÁRBARA DO PARÁ,2021,1
SANTA BÁRBARA DO PARÁ,2022,3
SANTA BÁRBARA DO PARÁ,2023,10
SANTA BÁRBARA DO PARÁ,2024,6
SANTA CRUZ DO ARARI,2008,11
SANTA CRUZ DO ARARI,2009,25
SANTA CRUZ DO ARARI,2010,16
SANTA CRUZ DO ARARI,2011,57
SANTA CRUZ DO ARARI,2012,66
SANTA CRUZ DO ARARI,2013,30
SANTA CRUZ DO ARARI,2014,85
SANTA CRUZ DO ARARI,2015,70
SANTA CRUZ DO ARARI,2016,60
SANTA CRUZ DO ARARI,2017,62
SANTA CRUZ DO ARARI,2018,47
SANTA CRUZ DO ARARI,2019,16
SANTA CRUZ DO ARARI,2020,17
SANTA CRUZ DO ARARI,2021,5
SANTA CRUZ DO ARARI,2022,6
SANTA CRUZ DO ARARI,2023,60
SANTA CRUZ DO ARARI,2024,19
SANTA IZABEL DO PARÁ,2008,49
SANTA IZABEL DO PARÁ,2009,50
SANTA IZABEL DO PARÁ,2010,25
SANTA IZABEL DO PARÁ,2011,35
SANTA IZABEL DO PARÁ,2012,37
SANTA IZABEL DO PARÁ,2013,28
SANTA IZABEL DO PARÁ,2014,28
SANTA IZABEL DO PARÁ,2015,31
SANTA IZABEL DO PARÁ,2016,25
SANTA IZABEL DO PARÁ,2017,22
SANTA IZABEL DO PARÁ,2018,8
SANTA IZABEL DO PARÁ,2019,5
SANTA IZABEL DO PARÁ,2020,12
SANTA IZABEL DO PARÁ,2021,2
SANTA IZABEL DO PARÁ,2022,6
SANTA IZABEL DO PARÁ,2023,13
SANTA IZABEL DO PARÁ,2024,10
SANTA LUZIA DO PARÁ,2008,83
SANTA LUZIA DO PARÁ,2009,106
SANTA LUZIA DO PARÁ,2010,77
SANTA LUZIA DO PARÁ,2011,73
SANTA LUZIA DO PARÁ,2012,85
SANTA LUZIA DO PARÁ,2013,39
SANTA LUZIA DO PARÁ,2014,59
SANTA LUZIA DO PARÁ,2015,88
SANTA LUZIA DO PARÁ,2016,39
SANTA LUZIA DO PARÁ,2017,75
SANTA LUZIA DO PARÁ,2018,31
SANTA LUZIA DO PARÁ,2019,42
SANTA LUZIA DO PARÁ,2020,42
SANTA LUZIA DO PARÁ,2021,34
SANTA LUZIA DO PARÁ,2022,56
SANTA LUZIA DO PARÁ,2023,31
SANTA LUZIA DO PARÁ,2024,31
SANTA MARIA DAS BARREIRAS,2008,937
SANTA MARIA DAS BARREIRAS,2009,446
SANTA MARIA DAS BARREIRAS,2010,2674
SANTA MARIA DAS BARREIRAS,2011,373
SANTA MARIA DAS BARREIRAS,2012,807
SANTA MARIA DAS BARREIRAS,2013,528
SANTA MARIA DAS BARREIRAS,2014,526
SANTA MARIA DAS BARREIRAS,2015,679
SANTA MARIA DAS BARREIRAS,2016,613
SANTA MARIA DAS BARREIRAS,2017,1293
SANTA MARIA DAS BARREIRAS,2018,291
SANTA MARIA DAS BARREIRAS,2019,557
SANTA MARIA DAS BARREIRAS,2020,749
SANTA MARIA DAS BARREIRAS,2021,328
SANTA MARIA DAS BARREIRAS,2022,624
SANTA MARIA DAS BARREIRAS,2023,427
SANTA MARIA DAS BARREIRAS,2024,690
SANTA MARIA DO PARÁ,2008,50
SANTA MARIA DO PARÁ,2009,59
SANTA MARIA DO PARÁ,2010,46
SANTA MARIA DO PARÁ,2011,29
SANTA MARIA DO PARÁ,2012,44
SANTA MARIA DO PARÁ,2013,42
SANTA MARIA DO PARÁ,2014,45
SANTA MARIA DO PARÁ,2015,24
SANTA MARIA DO PARÁ,2016,11
SANTA MARIA DO PARÁ,2017,24
SANTA MARIA DO PARÁ,2018,12
SANTA MARIA DO PARÁ,2019,11
SANTA MARIA DO PARÁ,2020,15
SANTA MARIA DO PARÁ,2021,4
SANTA MARIA DO PARÁ,2022,19
SANTA MARIA DO PARÁ,2023,17
SANTA MARIA DO PARÁ,2024,10
SANTANA DO ARAGUAIA,2008,884
SANTANA DO ARAGUAIA,2009,336
SANTANA DO ARAGUAIA,2010,2667
SANTANA DO ARAGUAIA,2011,298
SANTANA DO ARAGUAIA,2012,571
SANTANA DO ARAGUAIA,2013,453
SANTANA DO ARAGUAIA,2014,298
SANTANA DO ARAGUAIA,2015,573
SANTANA DO ARAGUAIA,2016,407
SANTANA DO ARAGUAIA,2017,1092
SANTANA DO ARAGUAIA,2018,209
SANTANA DO ARAGUAIA,2019,598
SANTANA DO ARAGUAIA,2020,399
SANTANA DO ARAGUAIA,2021,354
SANTANA DO ARAGUAIA,2022,485
SANTANA DO ARAGUAIA,2023,286
SANTANA DO ARAGUAIA,2024,1222
SANTARÉM,2008,518
SANTARÉM,2009,644
SANTARÉM,2010,387
SANTARÉM,2011,391
SANTARÉM,2012,398
SANTARÉM,2013,648
SANTARÉM,2014,704
SANTARÉM,2015,659
SANTARÉM,2016,537
SANTARÉM,2017,788
SANTARÉM,2018,334
SANTARÉM,2019,347
SANTARÉM,2020,262
SANTARÉM,2021,214
SANTARÉM,2022,445
SANTARÉM,2023,909
SANTARÉM,2024,592
SANTARÉM NOVO,2008,11
SANTARÉM NOVO,2009,14
SANTARÉM NOVO,2010,17
SANTARÉM NOVO,2011,8
SANTARÉM NOVO,2012,14
SANTARÉM NOVO,2013,21
SANTARÉM NOVO,2014,20
SANTARÉM NOVO,2015,14
SANTARÉM NOVO,2016,12
SANTARÉM NOVO,2017,11
SANTARÉM NOVO,2018,3
SANTARÉM NOVO,2019,7
SANTARÉM NOVO,2020,14
SANTARÉM NOVO,2021,12
SANTARÉM NOVO,2022,9
SANTARÉM NOVO,2023,6
SANTARÉM NOVO,2024,12
SANTO ANTÔNIO DO TAUÁ,2008,22
SANTO ANTÔNIO DO TAUÁ,2009,22
SANTO ANTÔNIO DO TAUÁ,2010,20
SANTO ANTÔNIO DO TAUÁ,2011,29
SANTO ANTÔNIO DO TAUÁ,2012,25
SANTO ANTÔNIO DO TAUÁ,2013,38
SANTO ANTÔNIO DO TAUÁ,2014,23
SANTO ANTÔNIO DO TAUÁ,2015,21
SANTO ANTÔNIO DO TAUÁ,2016,9
SANTO ANTÔNIO DO TAUÁ,2017,13
SANTO ANTÔNIO DO TAUÁ,2018,11
SANTO ANTÔNIO DO TAUÁ,2019,11
SANTO ANTÔNIO DO TAUÁ,2020,1
SANTO ANTÔNIO DO TAUÁ,2021,18
SANTO ANTÔNIO DO TAUÁ,2022,5
SANTO ANTÔNIO DO TAUÁ,2023,14
SANTO ANTÔNIO DO TAUÁ,2024,27
SAPUCAIA,2008,45
SAPUCAIA,2009,11
SAPUCAIA,2010,19
SAPUCAIA,2011,18
SAPUCAIA,2012,27
SAPUCAIA,2013,17
SAPUCAIA,2014,39
SAPUCAIA,2015,34
SAPUCAIA,2016,26
SAPUCAIA,2017,69
SAPUCAIA,2018,10
SAPUCAIA,2019,6
SAPUCAIA,2020,15
SAPUCAIA,2021,4
SAPUCAIA,2022,14
SAPUCAIA,2023,14
SAPUCAIA,2024,6
SENADOR JOSÉ PORFÍRIO,2008,244
SENADOR JOSÉ PORFÍRIO,2009,335
SENADOR JOSÉ PORFÍRIO,2010,270
SENADOR JOSÉ PORFÍRIO,2011,232
SENADOR JOSÉ PORFÍRIO,2012,236
SENADOR JOSÉ PORFÍRIO,2013,159
SENADOR JOSÉ PORFÍRIO,2014,259
SENADOR JOSÉ PORFÍRIO,2015,376
SENADOR JOSÉ PORFÍRIO,2016,243
SENADOR JOSÉ PORFÍRIO,2017,476
SENADOR JOSÉ PORFÍRIO,2018,458
SENADOR JOSÉ PORFÍRIO,2019,478
SENADOR JOSÉ PORFÍRIO,2020,548
SENADOR JOSÉ PORFÍRIO,2021,395
SENADOR JOSÉ PORFÍRIO,2022,638
SENADOR JOSÉ PORFÍRIO,2023,725
SENADOR JOSÉ PORFÍRIO,2024,401
SOURE,2008,56
SOURE,2009,47
SOURE,2010,29
SOURE,2011,83
SOURE,2012,43
SOURE,2013,44
SOURE,2014,20
SOURE,2015,64
SOURE,2016,31
SOURE,2017,78
SOURE,2018,13
SOURE,2019,32
SOURE,2020,28
SOURE,2021,9
SOURE,2022,12
SOURE,2023,19
SOURE,2024,53
SÃO CAETANO DE ODIVELAS,2008,32
SÃO CAETANO DE ODIVELAS,2009,41
SÃO CAETANO DE ODIVELAS,2010,10
SÃO CAETANO DE ODIVELAS,2011,15
SÃO CAETANO DE ODIVELAS,2012,16
SÃO CAETANO DE ODIVELAS,2013,27
SÃO CAETANO DE ODIVELAS,2014,25
SÃO CAETANO DE ODIVELAS,2015,29
SÃO CAETANO DE ODIVELAS,2016,13
SÃO CAETANO DE ODIVELAS,2017,14
SÃO CAETANO DE ODIVELAS,2018,5
SÃO CAETANO DE ODIVELAS,2019,11
SÃO CAETANO DE ODIVELAS,2020,21
SÃO CAETANO DE ODIVELAS,2021,14
SÃO CAETANO DE ODIVELAS,2022,8
SÃO CAETANO DE ODIVELAS,2023,27
SÃO CAETANO DE ODIVELAS,2024,22
SÃO DOMINGOS DO ARAGUAIA,2008,85
SÃO DOMINGOS DO ARAGUAIA,2009,44
SÃO DOMINGOS DO ARAGUAIA,2010,90
SÃO DOMINGOS DO ARAGUAIA,2011,25
SÃO DOMINGOS DO ARAGUAIA,2012,41
SÃO DOMINGOS DO ARAGUAIA,2013,22
SÃO DOMINGOS DO ARAGUAIA,2014,47
SÃO DOMINGOS DO ARAGUAIA,2015,48
SÃO DOMINGOS DO ARAGUAIA,2016,30
SÃO DOMINGOS DO ARAGUAIA,2017,21
SÃO DOMINGOS DO ARAGUAIA,2018,15
SÃO DOMINGOS DO ARAGUAIA,2019,20
SÃO DOMINGOS DO ARAGUAIA,2020,19
SÃO DOMINGOS DO ARAGUAIA,2021,19
SÃO DOMINGOS DO ARAGUAIA,2022,25
SÃO DOMINGOS DO ARAGUAIA,2023,12
SÃO DOMINGOS DO ARAGUAIA,2024,20
SÃO DOMINGOS DO CAPIM,2008,403
SÃO DOMINGOS DO CAPIM,2009,384
SÃO DOMINGOS DO CAPIM,2010,358
SÃO DOMINGOS DO CAPIM,2011,283
SÃO DOMINGOS DO CAPIM,2012,297
SÃO DOMINGOS DO CAPIM,2013,264
SÃO DOMINGOS DO CAPIM,2014,262
SÃO DOMINGOS DO CAPIM,2015,289
SÃO DOMINGOS DO CAPIM,2016,241
SÃO DOMINGOS DO CAPIM,2017,236
SÃO DOMINGOS DO CAPIM,2018,145
SÃO DOMINGOS DO CAPIM,2019,183
SÃO DOMINGOS DO CAPIM,2020,233
SÃO DOMINGOS DO CAPIM,2021,91
SÃO DOMINGOS DO CAPIM,2022,180
SÃO DOMINGOS DO CAPIM,2023,218
SÃO DOMINGOS DO CAPIM,2024,174
SÃO FRANCISCO DO PARÁ,2008,47
SÃO FRANCISCO DO PARÁ,2009,52
SÃO FRANCISCO DO PARÁ,2010,32
SÃO FRANCISCO DO PARÁ,2011,35
SÃO FRANCISCO DO PARÁ,2012,44
SÃO FRANCISCO DO PARÁ,2013,21
SÃO FRANCISCO DO PARÁ,2014,40
SÃO FRANCISCO DO PARÁ,2015,27
SÃO FRANCISCO DO PARÁ,2016,14
SÃO FRANCISCO DO PARÁ,2017,24
SÃO FRANCISCO DO PARÁ,2018,4
SÃO FRANCISCO DO PARÁ,2019,5
SÃO FRANCISCO DO PARÁ,2020,19
SÃO FRANCISCO DO PARÁ,2021,17
SÃO FRANCISCO DO PARÁ,2022,20
SÃO FRANCISCO DO PARÁ,2023,30
SÃO FRANCISCO DO PARÁ,2024,22
SÃO FÉLIX DO XINGU,2008,6742
SÃO FÉLIX DO XINGU,2009,2757
SÃO FÉLIX DO XINGU,2010,10053
SÃO FÉLIX DO XINGU,2011,1503
SÃO FÉLIX DO XINGU,2012,3476
SÃO FÉLIX DO XINGU,2013,953
SÃO FÉLIX DO XINGU,2014,2471
SÃO FÉLIX DO XINGU,2015,3925
SÃO FÉLIX DO XINGU,2016,1407
SÃO FÉLIX DO XINGU,2017,6750
SÃO FÉLIX DO XINGU,2018,1416
SÃO FÉLIX DO XINGU,2019,3784
SÃO FÉLIX DO XINGU,2020,5290
SÃO FÉLIX DO XINGU,2021,2184
SÃO FÉLIX DO XINGU,2022,5249
SÃO FÉLIX DO XINGU,2023,2898
SÃO FÉLIX DO XINGU,2024,7356
SÃO GERALDO DO ARAGUAIA,2008,156
SÃO GERALDO DO ARAGUAIA,2009,64
SÃO GERALDO DO ARAGUAIA,2010,166
SÃO GERALDO DO ARAGUAIA,2011,65
SÃO GERALDO DO ARAGUAIA,2012,67
SÃO GERALDO DO ARAGUAIA,2013,60
SÃO GERALDO DO ARAGUAIA,2014,93
SÃO GERALDO DO ARAGUAIA,2015,73
SÃO GERALDO DO ARAGUAIA,2016,26
SÃO GERALDO DO ARAGUAIA,2017,93
SÃO GERALDO DO ARAGUAIA,2018,24
SÃO GERALDO DO ARAGUAIA,2019,26
SÃO GERALDO DO ARAGUAIA,2020,38
SÃO GERALDO DO ARAGUAIA,2021,23
SÃO GERALDO DO ARAGUAIA,2022,31
SÃO GERALDO DO ARAGUAIA,2023,26
SÃO GERALDO DO ARAGUAIA,2024,42
SÃO JOÃO DA PONTA,2008,14
SÃO JOÃO DA PONTA,2009,34
SÃO JOÃO DA PONTA,2010,15
SÃO JOÃO DA PONTA,2011,14
SÃO JOÃO DA PONTA,2012,9
SÃO JOÃO DA PONTA,2013,10
SÃO JOÃO DA PONTA,2014,22
SÃO JOÃO DA PONTA,2015,7
SÃO JOÃO DA PONTA,2016,15
SÃO JOÃO DA PONTA,2017,20
SÃO JOÃO DA PONTA,2018,1
SÃO JOÃO DA PONTA,2019,7
SÃO JOÃO DA PONTA,2020,5
SÃO JOÃO DA PONTA,2021,8
SÃO JOÃO DA PONTA,2022,8
SÃO JOÃO DA PONTA,2023,12
SÃO JOÃO DA PONTA,2024,5
SÃO JOÃO DE PIRABAS,2008,35
SÃO JOÃO DE PIRABAS,2009,27
SÃO JOÃO DE PIRABAS,2010,31
SÃO JOÃO DE PIRABAS,2011,43
SÃO JOÃO DE PIRABAS,2012,51
SÃO JOÃO DE PIRABAS,2013,29
SÃO JOÃO DE PIRABAS,2014,41
SÃO JOÃO DE PIRABAS,2015,33
SÃO JOÃO DE PIRABAS,2016,33
SÃO JOÃO DE PIRABAS,2017,44
SÃO JOÃO DE PIRABAS,2018,12
SÃO JOÃO DE PIRABAS,2019,31
SÃO JOÃO DE PIRABAS,2020,22
SÃO JOÃO DE PIRABAS,2021,31
SÃO JOÃO DE PIRABAS,2022,20
SÃO JOÃO DE PIRABAS,2023,31
SÃO JOÃO DE PIRABAS,2024,26
SÃO JOÃO DO ARAGUAIA,2008,140
SÃO JOÃO DO ARAGUAIA,2009,85
SÃO JOÃO DO ARAGUAIA,2010,134
SÃO JOÃO DO ARAGUAIA,2011,53
SÃO JOÃO DO ARAGUAIA,2012,50
SÃO JOÃO DO ARAGUAIA,2013,32
SÃO JOÃO DO ARAGUAIA,2014,44
SÃO JOÃO DO ARAGUAIA,2015,86
SÃO JOÃO DO ARAGUAIA,2016,54
SÃO JOÃO DO ARAGUAIA,2017,107
SÃO JOÃO DO ARAGUAIA,2018,48
SÃO JOÃO DO ARAGUAIA,2019,42
SÃO JOÃO DO ARAGUAIA,2020,32
SÃO JOÃO DO ARAGUAIA,2021,20
SÃO JOÃO DO ARAGUAIA,2022,46
SÃO JOÃO DO ARAGUAIA,2023,30
SÃO JOÃO DO ARAGUAIA,2024,48
SÃO MIGUEL DO GUAMÁ,2008,181
SÃO MIGUEL DO GUAMÁ,2009,169
SÃO MIGUEL DO GUAMÁ,2010,152
SÃO MIGUEL DO GUAMÁ,2011,132
SÃO MIGUEL DO GUAMÁ,2012,135
SÃO MIGUEL DO GUAMÁ,2013,100
SÃO MIGUEL DO GUAMÁ,2014,108
SÃO MIGUEL DO GUAMÁ,2015,113
SÃO MIGUEL DO GUAMÁ,2016,63
SÃO MIGUEL DO GUAMÁ,2017,130
SÃO MIGUEL DO GUAMÁ,2018,38
SÃO MIGUEL DO GUAMÁ,2019,76
SÃO MIGUEL DO GUAMÁ,2020,75
SÃO MIGUEL DO GUAMÁ,2021,34
SÃO MIGUEL DO GUAMÁ,2022,95
SÃO MIGUEL DO GUAMÁ,2023,90
SÃO MIGUEL DO GUAMÁ,2024,68
SÃO SEBASTIÃO DA BOA VISTA,2008,22
SÃO SEBASTIÃO DA BOA VISTA,2009,32
SÃO SEBASTIÃO DA BOA VISTA,2010,12
SÃO SEBASTIÃO DA BOA VISTA,2011,17
SÃO SEBASTIÃO DA BOA VISTA,2012,16
SÃO SEBASTIÃO DA BOA VISTA,2013,17
SÃO SEBASTIÃO DA BOA VISTA,2014,9
SÃO SEBASTIÃO DA BOA VISTA,2015,42
SÃO SEBASTIÃO DA BOA VISTA,2016,24
SÃO SEBASTIÃO DA BOA VISTA,2017,17
SÃO SEBASTIÃO DA BOA VISTA,2018,15
SÃO SEBASTIÃO DA BOA VISTA,2019,4
SÃO SEBASTIÃO DA BOA VISTA,2020,12
SÃO SEBASTIÃO DA BOA VISTA,2021,3
SÃO SEBASTIÃO DA BOA VISTA,2022,8
SÃO SEBASTIÃO DA BOA VISTA,2023,42
SÃO SEBASTIÃO DA BOA VISTA,2024,15
TAILÂNDIA,2008,459
TAILÂNDIA,2009,526
TAILÂNDIA,2010,313
TAILÂNDIA,2011,214
TAILÂNDIA,2012,258
TAILÂNDIA,2013,157
TAILÂNDIA,2014,264
TAILÂNDIA,2015,269
TAILÂNDIA,2016,176
TAILÂNDIA,2017,270
TAILÂNDIA,2018,143
TAILÂNDIA,2019,171
TAILÂNDIA,2020,320
TAILÂNDIA,2021,224
TAILÂNDIA,2022,242
TAILÂNDIA,2023,362
TAILÂNDIA,2024,452
TERRA ALTA,2008,14
TERRA ALTA,2009,25
TERRA ALTA,2010,20
TERRA ALTA,2011,15
TERRA ALTA,2012,16
TERRA ALTA,2013,26
TERRA ALTA,2014,7
TERRA ALTA,2015,18
TERRA ALTA,2016,5
TERRA ALTA,2017,21
TERRA ALTA,2018,5
TERRA ALTA,2019,2
TERRA ALTA,2020,3
TERRA ALTA,2021,1
TERRA ALTA,2022,7
TERRA ALTA,2023,11
TERRA ALTA,2024,4
TERRA SANTA,2008,46
TERRA SANTA,2009,125
TERRA SANTA,2010,32
TERRA SANTA,2011,30
TERRA SANTA,2012,58
TERRA SANTA,2013,55
TERRA SANTA,2014,83
TERRA SANTA,2015,96
TERRA SANTA,2016,46
TERRA SANTA,2017,32
TERRA SANTA,2018,24
TERRA SANTA,2019,18
TERRA SANTA,2020,50
TERRA SANTA,2021,18
TERRA SANTA,2022,62
TERRA SANTA,2023,87
TERRA SANTA,2024,80
TOMÉ-AÇU,2008,441
TOMÉ-AÇU,2009,316
TOMÉ-AÇU,2010,389
TOMÉ-AÇU,2011,251
TOMÉ-AÇU,2012,310
TOMÉ-AÇU,2013,249
TOMÉ-AÇU,2014,270
TOMÉ-AÇU,2015,300
TOMÉ-AÇU,2016,252
TOMÉ-AÇU,2017,322
TOMÉ-AÇU,2018,181
TOMÉ-AÇU,2019,169
TOMÉ-AÇU,2020,262
TOMÉ-AÇU,2021,178
TOMÉ-AÇU,2022,304
TOMÉ-AÇU,2023,338
TOMÉ-AÇU,2024,354
TRACUATEUA,2008,55
TRACUATEUA,2009,34
TRACUATEUA,2010,47
TRACUATEUA,2011,39
TRACUATEUA,2012,43
TRACUATEUA,2013,31
TRACUATEUA,2014,36
TRACUATEUA,2015,31
TRACUATEUA,2016,39
TRACUATEUA,2017,31
TRACUATEUA,2018,10
TRACUATEUA,2019,26
TRACUATEUA,2020,29
TRACUATEUA,2021,23
TRACUATEUA,2022,29
TRACUATEUA,2023,31
TRACUATEUA,2024,30
TRAIRÃO,2008,412
TRAIRÃO,2009,719
TRAIRÃO,2010,381
TRAIRÃO,2011,410
TRAIRÃO,2012,624
TRAIRÃO,2013,233
TRAIRÃO,2014,477
TRAIRÃO,2015,809
TRAIRÃO,2016,324
TRAIRÃO,2017,864
TRAIRÃO,2018,250
TRAIRÃO,2019,572
TRAIRÃO,2020,788
TRAIRÃO,2021,323
TRAIRÃO,2022,590
TRAIRÃO,2023,695
TRAIRÃO,2024,780
TUCUMÃ,2008,231
TUCUMÃ,2009,88
TUCUMÃ,2010,416
TUCUMÃ,2011,50
TUCUMÃ,2012,165
TUCUMÃ,2013,83
TUCUMÃ,2014,176
TUCUMÃ,2015,200
TUCUMÃ,2016,96
TUCUMÃ,2017,257
TUCUMÃ,2018,107
TUCUMÃ,2019,64
TUCUMÃ,2020,127
TUCUMÃ,2021,56
TUCUMÃ,2022,56
TUCUMÃ,2023,63
TUCUMÃ,2024,62
TUCURUÍ,2008,150
TUCURUÍ,2009,118
TUCURUÍ,2010,81
TUCURUÍ,2011,52
TUCURUÍ,2012,94
TUCURUÍ,2013,48
TUCURUÍ,2014,68
TUCURUÍ,2015,95
TUCURUÍ,2016,75
TUCURUÍ,2017,54
TUCURUÍ,2018,76
TUCURUÍ,2019,41
TUCURUÍ,2020,66
TUCURUÍ,2021,52
TUCURUÍ,2022,96
TUCURUÍ,2023,76
TUCURUÍ,2024,99
ULIANÓPOLIS,2008,314
ULIANÓPOLIS,2009,157
ULIANÓPOLIS,2010,416
ULIANÓPOLIS,2011,147
ULIANÓPOLIS,2012,313
ULIANÓPOLIS,2013,142
ULIANÓPOLIS,2014,209
ULIANÓPOLIS,2015,353
ULIANÓPOLIS,2016,113
ULIANÓPOLIS,2017,346
ULIANÓPOLIS,2018,147
ULIANÓPOLIS,2019,193
ULIANÓPOLIS,2020,205
ULIANÓPOLIS,2021,126
ULIANÓPOLIS,2022,169
ULIANÓPOLIS,2023,252
ULIANÓPOLIS,2024,174
URUARÁ,2008,842
URUARÁ,2009,511
URUARÁ,2010,377
URUARÁ,2011,612
URUARÁ,2012,676
URUARÁ,2013,277
URUARÁ,2014,586
URUARÁ,2015,725
URUARÁ,2016,496
URUARÁ,2017,592
URUARÁ,2018,471
URUARÁ,2019,516
URUARÁ,2020,632
URUARÁ,2021,329
URUARÁ,2022,886
URUARÁ,2023,1306
URUARÁ,2024,881
VIGIA,2008,23
VIGIA,2009,34
VIGIA,2010,14
VIGIA,2011,18
VIGIA,2012,12
VIGIA,2013,24
VIGIA,2014,21
VIGIA,2015,11
VIGIA,2016,16
VIGIA,2017,6
VIGIA,2018,11
VIGIA,2019,8
VIGIA,2020,7
VIGIA,2021,5
VIGIA,2022,9
VIGIA,2023,10
VIGIA,2024,16
VISEU,2008,291
VISEU,2009,296
VISEU,2010,205
VISEU,2011,231
VISEU,2012,226
VISEU,2013,208
VISEU,2014,166
VISEU,2015,245
VISEU,2016,166
VISEU,2017,195
VISEU,2018,58
VISEU,2019,127
VISEU,2020,127
VISEU,2021,98
VISEU,2022,133
VISEU,2023,171
VISEU,2024,216
VITÓRIA DO XINGU,2008,60
VITÓRIA DO XINGU,2009,103
VITÓRIA DO XINGU,2010,52
VITÓRIA DO XINGU,2011,63
VITÓRIA DO XINGU,2012,52
VITÓRIA DO XINGU,2013,33
VITÓRIA DO XINGU,2014,49
VITÓRIA DO XINGU,2015,102
VITÓRIA DO XINGU,2016,45
VITÓRIA DO XINGU,2017,70
VITÓRIA DO XINGU,2018,44
VITÓRIA DO XINGU,2019,41
VITÓRIA DO XINGU,2020,45
VITÓRIA DO XINGU,2021,12
VITÓRIA DO XINGU,2022,32
VITÓRIA DO XINGU,2023,39
VITÓRIA DO XINGU,2024,28
XINGUARA,2008,109
XINGUARA,2009,58
XINGUARA,2010,127
XINGUARA,2011,63
XINGUARA,2012,57
XINGUARA,2013,72
XINGUARA,2014,98
XINGUARA,2015,75
XINGUARA,2016,49
XINGUARA,2017,119
XINGUARA,2018,49
XINGUARA,2019,31
XINGUARA,2020,44
XINGUARA,2021,23
XINGUARA,2022,43
XINGUARA,2023,35
XINGUARA,2024,47
ÁGUA AZUL DO NORTE,2008,278
ÁGUA AZUL DO NORTE,2009,145
ÁGUA AZUL DO NORTE,2010,609
ÁGUA AZUL DO NORTE,2011,110
ÁGUA AZUL DO NORTE,2012,221
ÁGUA AZUL DO NORTE,2013,138
ÁGUA AZUL DO NORTE,2014,306
ÁGUA AZUL DO NORTE,2015,235
ÁGUA AZUL DO NORTE,2016,237
ÁGUA AZUL DO NORTE,2017,363
ÁGUA AZUL DO NORTE,2018,86
ÁGUA AZUL DO NORTE,2019,91
ÁGUA AZUL DO NORTE,2020,164
ÁGUA AZUL DO NORTE,2021,79
ÁGUA AZUL DO NORTE,2022,148
ÁGUA AZUL DO NORTE,2023,89
ÁGUA AZUL DO NORTE,2024,255
ÓBIDOS,2008,648
ÓBIDOS,2009,1111
ÓBIDOS,2010,448
ÓBIDOS,2011,489
ÓBIDOS,2012,749
ÓBIDOS,2013,574
ÓBIDOS,2014,924
ÓBIDOS,2015,814
ÓBIDOS,2016,640
ÓBIDOS,2017,904
ÓBIDOS,2018,521
ÓBIDOS,2019,401
ÓBIDOS,2020,612
ÓBIDOS,2021,377
ÓBIDOS,2022,428
ÓBIDOS,2023,1249
ÓBIDOS,2024,708
